snr_db,target_fs_hz,bits,records,reference_beats,tp,fp,fn,pooled_sensitivity_pct,pooled_ppv_pct,pooled_f1_pct,macro_f1_mean_pct,macro_f1_median_pct,macro_f1_q05_pct,median_timing_error_ms,p95_timing_error_ms_median,clipping_rate_pct_mean,quantization_rmse_uv_mean,quantization_snr_db_median,raw_bitrate_bps,storage_mib_per_day,reference_f1_pct,f1_drop_from_reference_pp,bitrate_reduction_pct
-6,100,6,2.00000000,1848.00000000,1258.00000000,1969.00000000,590.00000000,68.07359307,38.98357608,49.57635468,49.47089824,49.47089824,46.23819823,50.55555555,138.83333333,9.28701007,1247.41330086,8.39436359,600.00000000,6.17980957,58.63358929,9.05723461,84.84848485
-6,100,7,2.00000000,1848.00000000,1239.00000000,1971.00000000,609.00000000,67.04545455,38.59813084,48.99169632,48.90035676,48.90035676,45.97221631,51.11111111,137.50000000,9.15031427,1230.20508747,8.51671703,700.00000000,7.20977783,58.63358929,9.64189297,82.32323232
-6,100,8,2.00000000,1848.00000000,1249.00000000,1976.00000000,599.00000000,67.58658009,38.72868217,49.24108023,49.15474539,49.15474539,46.14574568,51.52777778,137.47222222,9.08516020,1221.79122831,8.57715500,800.00000000,8.23974609,58.63358929,9.39250906,79.79797980
-6,100,9,2.00000000,1848.00000000,1241.00000000,1967.00000000,607.00000000,67.15367965,38.68453865,49.09018987,49.00442922,49.00442922,45.95563773,51.38888889,137.79166666,9.05386070,1217.63371074,8.60716928,900.00000000,9.26971436,58.63358929,9.54339942,77.27272727
-6,100,10,2.00000000,1848.00000000,1247.00000000,1962.00000000,601.00000000,67.47835498,38.85945778,49.31777734,49.22933354,49.22933354,46.24759812,51.38888889,137.50000000,9.03661403,1215.56727418,8.62212459,1000.00000000,10.29968262,58.63358929,9.31581195,74.74747475
-6,100,11,2.00000000,1848.00000000,1247.00000000,1962.00000000,601.00000000,67.47835498,38.85945778,49.31777734,49.22560634,49.22560634,46.20763587,51.38888889,137.50000000,9.02064490,1214.53715963,8.62958902,1100.00000000,11.32965088,58.63358929,9.31581195,72.22222222
-6,125,6,2.00000000,1848.00000000,1279.00000000,1922.00000000,569.00000000,69.20995671,39.95626367,50.66349772,50.55499486,50.55499486,46.67272826,45.83333333,136.31666667,9.26465328,1247.23800376,8.39494623,750.00000000,7.72476196,58.63358929,7.97009157,81.06060606
-6,125,7,2.00000000,1848.00000000,1283.00000000,1907.00000000,565.00000000,69.42640693,40.21943574,50.93290988,50.84368813,50.84368813,47.68314682,47.38888889,135.72222222,9.14047728,1230.02978594,8.51731735,875.00000000,9.01222229,58.63358929,7.70067940,77.90404040
-6,125,8,2.00000000,1848.00000000,1284.00000000,1900.00000000,564.00000000,69.48051948,40.32663317,51.03338633,50.93498159,50.93498159,47.55880428,46.44444445,135.51944445,9.07711176,1221.61814986,8.57774729,1000.00000000,10.29968262,58.63358929,7.60020296,74.74747475
-6,125,9,2.00000000,1848.00000000,1278.00000000,1903.00000000,570.00000000,69.15584416,40.17604527,50.82521376,50.73401856,50.73401856,47.32279061,46.83333334,135.87222222,9.04696203,1217.46081435,8.60776416,1125.00000000,11.58714294,58.63358929,7.80837553,71.59090909
-6,125,10,2.00000000,1848.00000000,1280.00000000,1898.00000000,568.00000000,69.26406926,40.27690371,50.93513729,50.83642948,50.83642948,47.45389223,46.80555556,135.54722222,9.02754357,1215.39454225,8.62272035,1250.00000000,12.87460327,58.63358929,7.69845200,68.43434343
-6,125,11,2.00000000,1848.00000000,1277.00000000,1899.00000000,571.00000000,69.10173160,40.20780856,50.83598726,50.73511000,50.73511000,47.33117972,47.27777778,135.57777778,9.01834535,1214.36449416,8.63018534,1375.00000000,14.16206360,58.63358929,7.79760203,65.27777778
-6,180,6,2.00000000,1848.00000000,1356.00000000,1839.00000000,492.00000000,73.37662338,42.44131455,53.77751338,53.69995005,53.69995005,50.79055575,40.27777778,136.11111111,9.27989439,1246.73896165,8.39689166,1080.00000000,11.12365723,58.63358929,4.85607590,72.72727273
-6,180,7,2.00000000,1848.00000000,1358.00000000,1814.00000000,490.00000000,73.48484848,42.81210593,54.10358566,54.02435987,54.02435987,51.13773010,40.27777778,137.43055556,9.13475187,1229.53512580,8.51928130,1260.00000000,12.97760010,58.63358929,4.53000363,68.18181818
-6,180,8,2.00000000,1848.00000000,1345.00000000,1820.00000000,503.00000000,72.78138528,42.49605055,53.66048274,53.58408348,53.58408348,50.78172123,40.27777778,135.62500000,9.07477856,1221.12414162,8.57973154,1440.00000000,14.83154297,58.63358929,4.97310654,63.63636364
-6,180,9,2.00000000,1848.00000000,1352.00000000,1826.00000000,496.00000000,73.16017316,42.54247955,53.80023876,53.71827862,53.71827862,50.77590949,40.27777778,136.31944444,9.04284010,1216.96764861,8.60975488,1620.00000000,16.68548584,58.63358929,4.83335053,59.09090909
-6,180,10,2.00000000,1848.00000000,1350.00000000,1830.00000000,498.00000000,73.05194805,42.45283019,53.69928401,53.61810108,53.61810108,50.65544795,40.27777778,136.38888889,9.02580627,1214.90166439,8.62471528,1800.00000000,18.53942871,58.63358929,4.93430528,54.54545455
-6,180,11,2.00000000,1848.00000000,1353.00000000,1828.00000000,495.00000000,73.21428571,42.53379440,53.80791410,53.72545184,53.72545184,50.73959249,40.27777778,136.31944444,9.01799909,1213.87179294,8.63218210,1980.00000000,20.39337158,58.63358929,4.82567519,50.00000000
-6,250,6,2.00000000,1848.00000000,1426.00000000,1794.00000000,422.00000000,77.16450216,44.28571429,56.27466456,56.24081045,56.24081045,55.05299964,34.22222222,134.10555555,9.28079759,1246.65669413,8.39727659,1500.00000000,15.44952393,58.63358929,2.35892473,62.12121212
-6,250,7,2.00000000,1848.00000000,1417.00000000,1810.00000000,431.00000000,76.67748918,43.91075302,55.84236453,55.80529845,55.80529845,54.53237120,33.80555555,135.44166667,9.14946675,1229.45191767,8.51968240,1750.00000000,18.02444458,58.63358929,2.79122476,55.80808081
-6,250,8,2.00000000,1848.00000000,1421.00000000,1804.00000000,427.00000000,76.89393939,44.06201550,56.02207767,55.97427060,55.97427060,54.52875579,33.94444445,134.98888889,9.08840048,1221.04077659,8.58013836,2000.00000000,20.59936523,58.63358929,2.61151162,49.49494949
-6,250,9,2.00000000,1848.00000000,1420.00000000,1805.00000000,428.00000000,76.83982684,44.03100775,55.98265326,55.93820467,55.93820467,54.53862566,33.97222222,135.84722222,9.05748407,1216.88418896,8.61016444,2250.00000000,23.17428589,58.63358929,2.65093603,43.18181818
-6,250,10,2.00000000,1848.00000000,1415.00000000,1805.00000000,433.00000000,76.56926407,43.94409938,55.84056827,55.80161373,55.80161373,54.58463110,34.00000000,135.90277778,9.04189811,1214.81827974,8.62512524,2500.00000000,25.74920654,58.63358929,2.79302102,36.86868687
-6,250,11,2.00000000,1848.00000000,1415.00000000,1803.00000000,433.00000000,76.56926407,43.97141081,55.86261350,55.82136907,55.82136907,54.53335642,34.00000000,135.92222222,9.03193333,1213.78841029,8.63259255,2750.00000000,28.32412720,58.63358929,2.77097579,30.55555556
-6,360,6,2.00000000,1848.00000000,1496.00000000,1748.00000000,352.00000000,80.95238095,46.11590629,58.75883739,58.74663347,58.74663347,58.34135693,18.05555556,133.33333333,9.28024926,1246.08005595,8.39955727,2160.00000000,22.24731445,58.63358929,-0.12524810,45.45454545
-6,360,7,2.00000000,1848.00000000,1485.00000000,1749.00000000,363.00000000,80.35714286,45.91836735,58.44155844,58.43498274,58.43498274,58.20713464,18.05555556,133.05555556,9.13617136,1228.87733034,8.52200518,2520.00000000,25.95520020,58.63358929,0.19203085,36.36363636
-6,360,8,2.00000000,1848.00000000,1490.00000000,1743.00000000,358.00000000,80.62770563,46.08722549,58.64987207,58.64536485,58.64536485,58.50123151,18.05555556,133.33333333,9.07548831,1220.46711106,8.58248293,2880.00000000,29.66308594,58.63358929,-0.01628278,27.27272727
-6,360,9,2.00000000,1848.00000000,1487.00000000,1742.00000000,361.00000000,80.46536797,46.05140910,58.57790033,58.57384642,58.57384642,58.44247378,18.05555556,133.33333333,9.04514677,1216.31102074,8.61251963,3240.00000000,33.37097168,58.63358929,0.05568895,18.18181818
-6,360,10,2.00000000,1848.00000000,1489.00000000,1745.00000000,359.00000000,80.57359307,46.04205318,58.59897678,58.59195402,58.59195402,58.35919540,18.05555556,131.94444444,9.02988729,1214.24530871,8.62748616,3600.00000000,37.07885742,58.63358929,0.03461251,9.09090909
-6,360,11,2.00000000,1848.00000000,1489.00000000,1742.00000000,359.00000000,80.57359307,46.08480347,58.63358929,58.62469216,58.62469216,58.33210484,18.05555556,133.33333333,9.02083806,1213.21555846,8.63495617,3960.00000000,40.78674316,58.63358929,0.00000000,0.00000000
0,100,6,2.00000000,1848.00000000,1459.00000000,1763.00000000,389.00000000,78.95021645,45.28243327,57.55424063,57.41893281,57.41893281,53.30286889,37.50000000,132.26388889,2.21076703,242.34988616,16.97582805,600.00000000,6.17980957,68.75000000,11.19575937,84.84848485
0,100,7,2.00000000,1848.00000000,1434.00000000,1763.00000000,414.00000000,77.59740260,44.85455114,56.84836472,56.73313269,56.73313269,53.02241604,40.00000000,132.94444444,2.11559098,230.36455799,17.43252787,700.00000000,7.20977783,68.75000000,11.90163528,82.32323232
0,100,8,2.00000000,1848.00000000,1450.00000000,1764.00000000,398.00000000,78.46320346,45.11512134,57.28960885,57.13316873,57.13316873,52.73372504,38.61111111,133.36111111,2.05426951,225.20487823,17.63551729,800.00000000,8.23974609,68.75000000,11.46039115,79.79797980
0,100,9,2.00000000,1848.00000000,1450.00000000,1772.00000000,398.00000000,78.46320346,45.00310366,57.19921105,57.06973634,57.06973634,53.23341790,37.50000000,133.88888889,2.03319025,222.84873768,17.72931635,900.00000000,9.26971436,68.75000000,11.55078895,77.27272727
0,100,10,2.00000000,1848.00000000,1446.00000000,1762.00000000,402.00000000,78.24675325,45.07481297,57.19936709,57.05371105,57.05371105,52.91125346,39.44444445,134.09722222,2.01849865,221.73043101,17.77403562,1000.00000000,10.29968262,68.75000000,11.55063291,74.74747475
0,100,11,2.00000000,1848.00000000,1441.00000000,1764.00000000,407.00000000,77.97619048,44.96099844,57.03542450,56.88650306,56.88650306,52.73159509,39.16666667,133.87500000,2.00955593,221.18625160,17.79584017,1100.00000000,11.32965088,68.75000000,11.71457550,72.22222222
0,125,6,2.00000000,1848.00000000,1525.00000000,1686.00000000,323.00000000,82.52164502,47.49299284,60.28859458,60.18716645,60.18716645,55.42621362,21.08333333,129.38888889,2.20604017,242.32752872,16.97603967,750.00000000,7.72476196,68.75000000,8.46140542,81.06060606
0,125,7,2.00000000,1848.00000000,1530.00000000,1666.00000000,318.00000000,82.79220779,47.87234043,60.66613799,60.56419835,60.56419835,55.84210523,21.66666667,130.37777778,2.09668353,230.32008869,17.43376302,875.00000000,9.01222229,68.75000000,8.08386201,77.90404040
0,125,8,2.00000000,1848.00000000,1535.00000000,1668.00000000,313.00000000,83.06277056,47.92382142,60.78004356,60.68203347,60.68203347,55.78594528,20.08333333,129.34444444,2.04915938,225.15251452,17.63712863,1000.00000000,10.29968262,68.75000000,7.96995644,74.74747475
0,125,9,2.00000000,1848.00000000,1539.00000000,1673.00000000,309.00000000,83.27922078,47.91407223,60.83003953,60.72816599,60.72816599,55.89554021,21.25000000,129.82777778,2.02769686,222.79564376,17.73097385,1125.00000000,11.58714294,68.75000000,7.91996047,71.59090909
0,125,10,2.00000000,1848.00000000,1537.00000000,1669.00000000,311.00000000,83.17099567,47.94135995,60.82311041,60.73196609,60.73196609,56.02084059,21.58333333,130.18888888,2.01594359,221.67597691,17.77576197,1250.00000000,12.87460327,68.75000000,7.92688959,68.43434343
0,125,11,2.00000000,1848.00000000,1537.00000000,1675.00000000,311.00000000,83.17099567,47.85180573,60.75098814,60.65358713,60.65358713,56.03312664,21.30555556,129.85555555,2.00981144,221.13111694,17.79760066,1375.00000000,14.16206360,68.75000000,7.99901186,65.27777778
0,180,6,2.00000000,1848.00000000,1629.00000000,1547.00000000,219.00000000,88.14935065,51.29093199,64.84872611,64.74068671,64.74068671,60.86361543,6.94444445,130.55555555,2.20552748,242.12427820,16.98180925,1080.00000000,11.12365723,68.75000000,3.90127389,72.72727273
0,180,7,2.00000000,1848.00000000,1627.00000000,1544.00000000,221.00000000,88.04112554,51.30873541,64.83363220,64.73198240,64.73198240,61.17258474,6.94444445,129.16666667,2.09977572,230.13181952,17.43940304,1260.00000000,12.97760010,68.75000000,3.91636780,68.18181818
0,180,8,2.00000000,1848.00000000,1628.00000000,1540.00000000,220.00000000,88.09523810,51.38888889,64.91228070,64.80514512,64.80514512,61.19579514,6.94444445,129.16666667,2.05328753,224.96631027,17.64280617,1440.00000000,14.83154297,68.75000000,3.83771930,63.63636364
0,180,9,2.00000000,1848.00000000,1633.00000000,1539.00000000,215.00000000,88.36580087,51.48171501,65.05976096,64.95165485,64.95165485,61.19455198,6.94444445,129.16666667,2.02454293,222.61061729,17.73668501,1620.00000000,16.68548584,68.75000000,3.69023904,59.09090909
0,180,10,2.00000000,1848.00000000,1628.00000000,1543.00000000,220.00000000,88.09523810,51.34027121,64.87348077,64.76599364,64.76599364,61.16947406,6.94444445,129.16666667,2.01034806,221.49232188,17.78145652,1800.00000000,18.53942871,68.75000000,3.87651923,54.54545455
0,180,11,2.00000000,1848.00000000,1629.00000000,1546.00000000,219.00000000,88.14935065,51.30708661,64.86163647,64.75812061,64.75812061,61.13049126,6.94444445,129.16666667,2.00041165,220.94804999,17.80328777,1980.00000000,20.39337158,68.75000000,3.88836353,50.00000000
0,250,6,2.00000000,1848.00000000,1663.00000000,1445.00000000,185.00000000,89.98917749,53.50707851,67.11057304,67.04170946,67.04170946,64.90865973,3.77777778,127.07500000,2.20783999,242.09620711,16.98281105,1500.00000000,15.44952393,68.75000000,1.63942696,62.12121212
0,250,7,2.00000000,1848.00000000,1667.00000000,1458.00000000,181.00000000,90.20562771,53.34400000,67.04202695,66.97832016,66.97832016,65.25024466,3.66666667,127.07777778,2.10487048,230.09780965,17.44062796,1750.00000000,18.02444458,68.75000000,1.70797305,55.80808081
0,250,8,2.00000000,1848.00000000,1670.00000000,1452.00000000,178.00000000,90.36796537,53.49135170,67.20321932,67.12770621,67.12770621,65.18649873,3.61111111,126.27777778,2.04814783,224.93634723,17.64392627,2000.00000000,20.59936523,68.75000000,1.54678068,49.49494949
0,250,9,2.00000000,1848.00000000,1670.00000000,1448.00000000,178.00000000,90.36796537,53.55997434,67.25734998,67.18972461,67.18972461,65.36897246,3.61111111,126.29722222,2.02310809,222.58217357,17.73773685,2250.00000000,23.17428589,68.75000000,1.49265002,43.18181818
0,250,10,2.00000000,1848.00000000,1670.00000000,1448.00000000,178.00000000,90.36796537,53.55997434,67.25734998,67.18982539,67.18982539,65.39343022,3.61111111,126.50555556,2.00982170,221.46389475,17.78250442,2500.00000000,25.74920654,68.75000000,1.49265002,36.86868687
0,250,11,2.00000000,1848.00000000,1669.00000000,1449.00000000,179.00000000,90.31385281,53.52790250,67.21707612,67.14805793,67.14805793,65.28980579,3.61111111,126.30833334,2.00241199,220.91977732,17.80433018,2750.00000000,28.32412720,68.75000000,1.53292388,30.55555556
0,360,6,2.00000000,1848.00000000,1680.00000000,1372.00000000,168.00000000,90.90909091,55.04587156,68.57142857,68.50492030,68.50492030,67.34102559,2.77777778,127.77777778,2.20801158,241.88277275,16.98857883,2160.00000000,22.24731445,68.75000000,0.17857143,45.45454545
0,360,7,2.00000000,1848.00000000,1682.00000000,1364.00000000,166.00000000,91.01731602,55.21996060,68.73722926,68.67252279,68.67252279,67.59295422,2.77777778,125.00000000,2.10155008,229.88733763,17.44674498,2520.00000000,25.95520020,68.75000000,0.01277074,36.36363636
0,360,8,2.00000000,1848.00000000,1680.00000000,1366.00000000,168.00000000,90.90909091,55.15430072,68.65549653,68.60386714,68.60386714,67.68690415,2.77777778,125.00000000,2.05328753,224.72199843,17.65039451,2880.00000000,29.66308594,68.75000000,0.09450347,27.27272727
0,360,9,2.00000000,1848.00000000,1685.00000000,1365.00000000,163.00000000,91.17965368,55.24590164,68.80359330,68.73882477,68.73882477,67.59677404,2.77777778,126.38888889,2.02472037,222.36782560,17.74430426,3240.00000000,33.37097168,68.75000000,-0.05359330,18.18181818
0,360,10,2.00000000,1848.00000000,1685.00000000,1364.00000000,163.00000000,91.17965368,55.26402099,68.81764346,68.75334691,68.75334691,67.62436612,2.77777778,125.00000000,2.00981575,221.25007938,17.78909901,3600.00000000,37.07885742,68.75000000,-0.06764346,9.09090909
0,360,11,2.00000000,1848.00000000,1683.00000000,1365.00000000,165.00000000,91.07142857,55.21653543,68.75000000,68.68503829,68.68503829,67.54004925,2.77777778,125.06944445,2.00165370,220.70611544,17.81094058,3960.00000000,40.78674316,68.75000000,0.00000000,0.00000000
6,100,6,2.00000000,1848.00000000,1714.00000000,1271.00000000,134.00000000,92.74891775,57.42043551,70.92902959,70.85471830,70.85471830,65.37621334,30.83333333,123.50000000,0.04088099,47.34722408,25.83959180,600.00000000,6.17980957,81.99815838,11.06912879,84.84848485
6,100,7,2.00000000,1848.00000000,1711.00000000,1293.00000000,137.00000000,92.58658009,56.95739015,70.52761748,70.44798734,70.44798734,65.01472355,30.55555555,125.43055555,0.03768715,26.07844836,31.04345013,700.00000000,7.20977783,81.99815838,11.47054090,82.32323232
6,100,8,2.00000000,1848.00000000,1713.00000000,1297.00000000,135.00000000,92.69480519,56.91029900,70.52284891,70.45200777,70.45200777,64.92108582,30.83333333,124.56944444,0.03704839,16.73469807,35.01202778,800.00000000,8.23974609,81.99815838,11.47530947,79.79797980
6,100,9,2.00000000,1848.00000000,1716.00000000,1288.00000000,132.00000000,92.85714286,57.12383489,70.73371805,70.65786897,70.65786897,65.13757321,30.83333333,124.83333334,0.03577086,13.10918629,37.35016282,900.00000000,9.26971436,81.99815838,11.26444032,77.27272727
6,100,10,2.00000000,1848.00000000,1716.00000000,1297.00000000,132.00000000,92.85714286,56.95320279,70.60275663,70.52609035,70.52609035,65.02760904,30.83333333,124.55555555,0.03577086,11.92820233,38.32436218,1000.00000000,10.29968262,81.99815838,11.39540174,74.74747475
6,100,11,2.00000000,1848.00000000,1719.00000000,1287.00000000,129.00000000,93.01948052,57.18562874,70.82818294,70.77865278,70.77865278,65.08450979,31.11111111,124.48611111,0.03577086,11.57006697,38.64874763,1100.00000000,11.32965088,81.99815838,11.16997544,72.22222222
6,125,6,2.00000000,1848.00000000,1751.00000000,1123.00000000,97.00000000,94.75108225,60.92553932,74.16349005,74.11472798,74.11472798,69.18070356,5.27777778,117.36111111,0.04139200,47.31507879,25.84490150,750.00000000,7.72476196,81.99815838,7.83466833,81.06060606
6,125,7,2.00000000,1848.00000000,1749.00000000,1099.00000000,99.00000000,94.64285714,61.41151685,74.48892675,74.40893854,74.40893854,69.43743664,5.33333333,115.95277778,0.03628187,26.04354332,31.05744359,875.00000000,9.01222229,81.99815838,7.50923163,77.90404040
6,125,8,2.00000000,1848.00000000,1748.00000000,1115.00000000,100.00000000,94.58874459,61.05483758,74.20929739,74.14720976,74.14720976,68.98553643,5.38888889,113.37222222,0.03525985,16.64521786,35.07175154,1000.00000000,10.29968262,81.99815838,7.78886099,74.74747475
6,125,9,2.00000000,1848.00000000,1746.00000000,1137.00000000,102.00000000,94.48051948,60.56191467,73.81103361,73.74629881,73.74629881,68.73476675,5.33333333,114.77777778,0.03372682,13.02184461,37.44437706,1125.00000000,11.58714294,81.99815838,8.18712477,71.59090909
6,125,10,2.00000000,1848.00000000,1747.00000000,1133.00000000,101.00000000,94.53463203,60.65972222,73.90016920,73.82885233,73.82885233,68.77106004,5.27777778,112.86111111,0.03372682,11.80941548,38.47258050,1250.00000000,12.87460327,81.99815838,8.09798917,68.43434343
6,125,11,2.00000000,1848.00000000,1748.00000000,1128.00000000,100.00000000,94.58874459,60.77885953,74.00508044,73.93527309,73.93527309,68.98872456,5.33333333,112.86388889,0.03372682,11.44424009,38.81507242,1375.00000000,14.16206360,81.99815838,7.99307794,65.27777778
6,180,6,2.00000000,1848.00000000,1757.00000000,989.00000000,91.00000000,95.07575758,63.98397669,76.49107532,76.41435169,76.41435169,72.72572975,2.77777778,108.33333333,0.04151999,47.28161112,25.84943297,1080.00000000,11.12365723,81.99815838,5.50708306,72.72727273
6,180,7,2.00000000,1848.00000000,1760.00000000,1001.00000000,88.00000000,95.23809524,63.74501992,76.37231504,76.30063324,76.30063324,72.80247711,2.77777778,109.86111111,0.03726152,26.05726097,31.05067440,1260.00000000,12.97760010,81.99815838,5.62584334,68.18181818
6,180,8,2.00000000,1848.00000000,1763.00000000,999.00000000,85.00000000,95.40043290,63.83055757,76.48590022,76.41456430,76.41456430,72.97302141,2.77777778,109.65277778,0.03513230,16.65814764,35.05895943,1440.00000000,14.83154297,81.99815838,5.51225816,63.63636364
6,180,9,2.00000000,1848.00000000,1759.00000000,996.00000000,89.00000000,95.18398268,63.84754991,76.42841625,76.35918511,76.35918511,72.72875670,2.77777778,109.72222222,0.03406768,13.02763609,37.42910484,1620.00000000,16.68548584,81.99815838,5.56974213,59.09090909
6,180,10,2.00000000,1848.00000000,1762.00000000,992.00000000,86.00000000,95.34632035,63.97966594,76.57540200,76.50466147,76.50466147,73.09776464,2.77777778,108.33333333,0.03371281,11.82867429,38.43742930,1800.00000000,18.53942871,81.99815838,5.42275638,54.54545455
6,180,11,2.00000000,1848.00000000,1759.00000000,999.00000000,89.00000000,95.18398268,63.77810007,76.37863656,76.30773908,76.30773908,72.72361210,2.77777778,108.33333333,0.03335794,11.46500657,38.77571195,1980.00000000,20.39337158,81.99815838,5.61952182,50.00000000
6,250,6,2.00000000,1848.00000000,1770.00000000,885.00000000,78.00000000,95.77922078,66.66666667,78.61425716,78.54415972,78.54415972,76.95709868,2.00000000,91.99166666,0.04241424,47.31448043,25.84340761,1500.00000000,15.44952393,81.99815838,3.38390122,62.12121212
6,250,7,2.00000000,1848.00000000,1767.00000000,899.00000000,81.00000000,95.61688312,66.27906977,78.28976518,78.21014885,78.21014885,76.13675605,1.94444445,101.31111111,0.03679308,26.05467080,31.05095723,1750.00000000,18.02444458,81.99815838,3.70839320,55.80808081
6,250,8,2.00000000,1848.00000000,1765.00000000,890.00000000,83.00000000,95.50865801,66.47834275,78.39218299,78.31221315,78.31221315,76.22128571,1.94444445,94.99166667,0.03577105,16.64824661,35.06452949,2000.00000000,20.59936523,81.99815838,3.60597539,49.49494949
6,250,9,2.00000000,1848.00000000,1768.00000000,883.00000000,80.00000000,95.67099567,66.69181441,78.59524339,78.52114767,78.52114767,76.68052805,1.94444445,95.34444444,0.03423800,13.02044104,37.43367566,2250.00000000,23.17428589,81.99815838,3.40291499,43.18181818
6,250,10,2.00000000,1848.00000000,1766.00000000,892.00000000,82.00000000,95.56277056,66.44093303,78.38437639,78.30946110,78.30946110,76.38660388,1.94444445,97.20277778,0.03398250,11.81532850,38.44972800,2500.00000000,25.74920654,81.99815838,3.61378199,36.86868687
6,250,11,2.00000000,1848.00000000,1767.00000000,889.00000000,81.00000000,95.61688312,66.52861446,78.46358792,78.38771335,78.38771335,76.48916286,2.00000000,97.18611111,0.03398250,11.45228263,38.78762839,2750.00000000,28.32412720,81.99815838,3.53457046,30.55555556
6,360,6,2.00000000,1848.00000000,1777.00000000,728.00000000,71.00000000,96.15800866,70.93812375,81.64484264,81.64028171,81.64028171,81.57234113,1.38888889,90.27777778,0.04151999,47.31767358,25.84036648,2160.00000000,22.24731445,81.99815838,0.35331574,45.45454545
6,360,7,2.00000000,1848.00000000,1780.00000000,717.00000000,68.00000000,96.32034632,71.28554265,81.93325662,81.92367386,81.92367386,81.77671947,1.38888889,93.05555556,0.03797127,26.03118222,31.05658500,2520.00000000,25.95520020,81.99815838,0.06490176,36.36363636
6,360,8,2.00000000,1848.00000000,1781.00000000,708.00000000,67.00000000,96.37445887,71.55484130,82.13050496,82.14791290,82.14791290,81.90082772,1.38888889,88.88888889,0.03584204,16.62203975,35.07568201,2880.00000000,29.66308594,81.99815838,-0.13234658,27.27272727
6,360,9,2.00000000,1848.00000000,1781.00000000,713.00000000,67.00000000,96.37445887,71.41138733,82.03592814,82.03495018,82.03495018,82.02025151,1.38888889,89.44444445,0.03459999,12.99313662,37.45080192,3240.00000000,33.37097168,81.99815838,-0.03776976,18.18181818
6,360,10,2.00000000,1848.00000000,1781.00000000,717.00000000,67.00000000,96.37445887,71.29703763,81.96042338,81.96144847,81.96144847,81.94614484,1.38888889,93.05555556,0.03389024,11.78748922,38.46911042,3600.00000000,37.07885742,81.99815838,0.03773500,9.09090909
6,360,11,2.00000000,1848.00000000,1781.00000000,715.00000000,67.00000000,96.37445887,71.35416667,81.99815838,81.99932219,81.99932219,81.98195566,1.38888889,91.94444445,0.03371281,11.42290293,38.80993948,3960.00000000,40.78674316,81.99815838,0.00000000,0.00000000
12,100,6,2.00000000,1848.00000000,1794.00000000,547.00000000,54.00000000,97.07792208,76.63391713,85.65290045,85.60874640,85.60874640,79.86856695,32.22222222,83.63888889,0.00000000,45.11631580,22.56377597,600.00000000,6.17980957,96.43044619,10.77754574,84.84848485
12,100,7,2.00000000,1848.00000000,1792.00000000,551.00000000,56.00000000,96.96969697,76.48314127,85.51658315,85.47806359,85.47806359,79.66638533,32.50000000,93.80555555,0.00000000,22.53923161,28.59167167,700.00000000,7.20977783,96.43044619,10.91386304,82.32323232
12,100,8,2.00000000,1848.00000000,1788.00000000,541.00000000,60.00000000,96.75324675,76.77114641,85.61168303,85.56380331,85.56380331,79.75753807,32.50000000,88.30555555,0.00000000,11.27350529,34.60927393,800.00000000,8.23974609,96.43044619,10.81876317,79.79797980
12,100,9,2.00000000,1848.00000000,1791.00000000,542.00000000,57.00000000,96.91558442,76.76810973,85.67328390,85.62122015,85.62122015,80.02377180,32.22222222,93.12500000,0.00000000,5.64297142,40.62028744,900.00000000,9.26971436,96.43044619,10.75716229,77.27272727
12,100,10,2.00000000,1848.00000000,1792.00000000,540.00000000,56.00000000,96.96969697,76.84391081,85.74162679,85.70208641,85.70208641,79.98089714,32.22222222,92.88888889,0.00000000,2.81267251,46.66806537,1000.00000000,10.29968262,96.43044619,10.68881940,74.74747475
12,100,11,2.00000000,1848.00000000,1790.00000000,554.00000000,58.00000000,96.86147186,76.36518771,85.40076336,85.36947351,85.36947351,79.46695694,32.22222222,94.41666667,0.00000000,1.41161337,52.65613484,1100.00000000,11.32965088,96.43044619,11.02968284,72.22222222
12,125,6,2.00000000,1848.00000000,1817.00000000,353.00000000,31.00000000,98.32251082,83.73271889,90.44300647,90.34482895,90.34482895,86.21657852,3.83333333,68.94444445,0.00000000,45.14685934,22.55768153,750.00000000,7.72476196,96.43044619,5.98743972,81.06060606
12,125,7,2.00000000,1848.00000000,1822.00000000,367.00000000,26.00000000,98.59307359,83.23435359,90.26504830,90.19134493,90.19134493,85.32249964,3.94444444,80.20000000,0.00000000,22.56194460,28.58271233,875.00000000,9.01222229,96.43044619,6.16539789,77.90404040
12,125,8,2.00000000,1848.00000000,1819.00000000,379.00000000,29.00000000,98.43073593,82.75705187,89.91596639,89.83734831,89.83734831,84.90148809,3.88888889,82.16111111,0.00000000,11.27232453,34.60996060,1000.00000000,10.29968262,96.43044619,6.51447981,74.74747475
12,125,9,2.00000000,1848.00000000,1814.00000000,386.00000000,34.00000000,98.16017316,82.45454545,89.62450593,89.54595350,89.54595350,84.43555727,3.88888889,76.80000000,0.00000000,5.63404684,40.63381805,1125.00000000,11.58714294,96.43044619,6.80594027,71.59090909
12,125,10,2.00000000,1848.00000000,1816.00000000,379.00000000,32.00000000,98.26839827,82.73348519,89.83428147,89.76021597,89.76021597,84.67526972,3.88888889,79.75555556,0.00000000,2.82070577,46.64307235,1250.00000000,12.87460327,96.43044619,6.59616472,68.43434343
12,125,11,2.00000000,1848.00000000,1815.00000000,380.00000000,33.00000000,98.21428571,82.68792711,89.78481326,89.70787423,89.70787423,84.61772825,3.88888889,76.79166667,0.00000000,1.40971273,52.66761845,1375.00000000,14.16206360,96.43044619,6.64563294,65.27777778
12,180,6,2.00000000,1848.00000000,1832.00000000,233.00000000,16.00000000,99.13419913,88.71670702,93.63659596,93.55752499,93.55752499,91.78386751,2.77777778,47.22222222,0.00000000,45.11898500,22.56147126,1080.00000000,11.12365723,96.43044619,2.79385023,72.72727273
12,180,7,2.00000000,1848.00000000,1829.00000000,233.00000000,19.00000000,98.97186147,88.70029098,93.55498721,93.47819478,93.47819478,91.76786212,2.77777778,47.22222222,0.00000000,22.56691291,28.57921486,1260.00000000,12.97760010,96.43044619,2.87545898,68.18181818
12,180,8,2.00000000,1848.00000000,1831.00000000,241.00000000,17.00000000,99.08008658,88.36872587,93.41836735,93.33759806,93.33759806,91.41223277,2.77777778,47.22222222,0.00000000,11.26645489,34.61291716,1440.00000000,14.83154297,96.43044619,3.01207885,63.63636364
12,180,9,2.00000000,1848.00000000,1829.00000000,247.00000000,19.00000000,98.97186147,88.10211946,93.22120285,93.13646732,93.13646732,91.11449419,2.77777778,47.22222222,0.00000000,5.63911190,40.62444627,1620.00000000,16.68548584,96.43044619,3.20924334,59.09090909
12,180,10,2.00000000,1848.00000000,1829.00000000,238.00000000,19.00000000,98.97186147,88.48572811,93.43550447,93.35733702,93.35733702,91.58041455,2.77777778,47.22222222,0.00000000,2.82099110,46.64063218,1800.00000000,18.53942871,96.43044619,2.99494172,54.54545455
12,180,11,2.00000000,1848.00000000,1829.00000000,239.00000000,19.00000000,98.97186147,88.44294004,93.41164454,93.33304596,93.33304596,91.53426154,2.77777778,47.22222222,0.00000000,1.40838934,52.67421319,1980.00000000,20.39337158,96.43044619,3.01880166,50.00000000
12,250,6,2.00000000,1848.00000000,1833.00000000,171.00000000,15.00000000,99.18831169,91.46706587,95.17133956,95.16650790,95.16650790,95.09368005,1.44444445,39.04444444,0.00000000,45.14571667,22.55638581,1500.00000000,15.44952393,96.43044619,1.25910663,62.12121212
12,250,7,2.00000000,1848.00000000,1834.00000000,161.00000000,14.00000000,99.24242424,91.92982456,95.44626594,95.42877954,95.42877954,95.16234698,1.44444445,37.33888889,0.00000000,22.54869680,28.58628510,1750.00000000,18.02444458,96.43044619,0.98418026,55.80808081
12,250,8,2.00000000,1848.00000000,1835.00000000,162.00000000,13.00000000,99.29653680,91.88783175,95.44863459,95.43204890,95.43204890,95.17234396,1.44444445,38.81388889,0.00000000,11.27133377,34.60920740,2000.00000000,20.59936523,96.43044619,0.98181160,49.49494949
12,250,9,2.00000000,1848.00000000,1835.00000000,162.00000000,13.00000000,99.29653680,91.88783175,95.44863459,95.42341835,95.42341835,95.02496732,1.44444445,38.57500000,0.00000000,5.63723346,40.62739243,2250.00000000,23.17428589,96.43044619,0.98181160,43.18181818
12,250,10,2.00000000,1848.00000000,1836.00000000,161.00000000,12.00000000,99.35064935,91.93790686,95.50065020,95.48395118,95.48395118,95.22481699,1.44444445,38.50833334,0.00000000,2.82035517,46.64263706,2500.00000000,25.74920654,96.43044619,0.92979600,36.86868687
12,250,11,2.00000000,1848.00000000,1836.00000000,161.00000000,12.00000000,99.35064935,91.93790686,95.50065020,95.48395118,95.48395118,95.22481699,1.44444445,38.28888889,0.00000000,1.40973426,52.66597231,2750.00000000,28.32412720,96.43044619,0.92979600,30.55555556
12,360,6,2.00000000,1848.00000000,1838.00000000,112.00000000,10.00000000,99.45887446,94.25641026,96.78778304,96.88399251,96.88399251,95.71781101,1.38888889,37.50000000,0.00000000,45.12968917,22.55622742,2160.00000000,22.24731445,96.43044619,-0.35733685,45.45454545
12,360,7,2.00000000,1848.00000000,1838.00000000,122.00000000,10.00000000,99.45887446,93.77551020,96.53361345,96.62791391,96.62791391,95.48186230,1.38888889,37.50000000,0.00000000,22.54399231,28.58485723,2520.00000000,25.95520020,96.43044619,-0.10316725,36.36363636
12,360,8,2.00000000,1848.00000000,1837.00000000,123.00000000,11.00000000,99.40476190,93.72448980,96.48109244,96.57563885,96.57563885,95.43468999,1.38888889,37.50000000,0.00000000,11.27282804,34.60481829,2880.00000000,29.66308594,96.43044619,-0.05064624,27.27272727
12,360,9,2.00000000,1848.00000000,1837.00000000,126.00000000,11.00000000,99.40476190,93.58125318,96.40514301,96.48813364,96.48813364,95.46788427,1.38888889,37.50000000,0.00000000,5.63917051,40.62116930,3240.00000000,33.37097168,96.43044619,0.02530319,18.18181818
12,360,10,2.00000000,1848.00000000,1837.00000000,122.00000000,11.00000000,99.40476190,93.77233282,96.50643551,96.59894153,96.59894153,95.47896506,1.38888889,37.50000000,0.00000000,2.82049262,46.63897803,3600.00000000,37.07885742,96.43044619,-0.07598932,9.09090909
12,360,11,2.00000000,1848.00000000,1837.00000000,125.00000000,11.00000000,99.40476190,93.62895005,96.43044619,96.52017209,96.52017209,95.42914331,1.38888889,37.50000000,0.00000000,1.40852862,52.67016283,3960.00000000,40.78674316,96.43044619,0.00000000,0.00000000
18,100,6,2.00000000,1848.00000000,1836.00000000,142.00000000,12.00000000,99.35064935,92.82103134,95.97490852,95.86241845,95.86241845,92.27585992,32.22222222,39.44444445,0.00000000,45.16952053,20.72622494,600.00000000,6.17980957,100.00000000,4.02509148,84.84848485
18,100,7,2.00000000,1848.00000000,1829.00000000,156.00000000,19.00000000,98.97186147,92.14105793,95.43438560,95.31495288,95.31495288,91.23567535,32.50000000,40.00000000,0.00000000,22.54752704,26.76115511,700.00000000,7.20977783,100.00000000,4.56561440,82.32323232
18,100,8,2.00000000,1848.00000000,1833.00000000,153.00000000,15.00000000,99.18831169,92.29607251,95.61815336,95.50488796,95.50488796,91.59655200,32.50000000,39.44444445,0.00000000,11.29963998,32.76184106,800.00000000,8.23974609,100.00000000,4.38184664,79.79797980
18,100,9,2.00000000,1848.00000000,1831.00000000,151.00000000,17.00000000,99.08008658,92.38143290,95.61357702,95.49634560,95.49634560,91.53461310,32.22222222,39.44444445,0.00000000,5.63606937,38.80361195,900.00000000,9.26971436,100.00000000,4.38642298,77.27272727
18,100,10,2.00000000,1848.00000000,1833.00000000,154.00000000,15.00000000,99.18831169,92.24962255,95.59322034,95.48048692,95.48048692,91.55019002,32.22222222,39.58333333,0.00000000,2.81725727,44.82660871,1000.00000000,10.29968262,100.00000000,4.40677966,74.74747475
18,100,11,2.00000000,1848.00000000,1832.00000000,154.00000000,16.00000000,99.13419913,92.24572004,95.56598852,95.45132610,95.45132610,91.49478446,32.22222222,39.59722222,0.00000000,1.41031697,50.83681678,1100.00000000,11.32965088,100.00000000,4.43401148,72.22222222
18,125,6,2.00000000,1848.00000000,1846.00000000,37.00000000,2.00000000,99.89177489,98.03505045,98.95470383,98.89867702,98.89867702,97.95328786,3.27777778,32.16388888,0.00000000,45.20171291,20.72008811,750.00000000,7.72476196,100.00000000,1.04529617,81.06060606
18,125,7,2.00000000,1848.00000000,1847.00000000,32.00000000,1.00000000,99.94588745,98.29696647,99.11456936,99.06649568,99.06649568,98.27214332,3.27777778,31.94444445,0.00000000,22.57703482,26.74985034,875.00000000,9.01222229,100.00000000,0.88543064,77.90404040
18,125,8,2.00000000,1848.00000000,1847.00000000,39.00000000,1.00000000,99.94588745,97.93213150,98.92876272,98.87223701,98.87223701,97.90305185,3.27777778,31.93333334,0.00000000,11.27281556,32.78253765,1000.00000000,10.29968262,100.00000000,1.07123728,74.74747475
18,125,9,2.00000000,1848.00000000,1847.00000000,32.00000000,1.00000000,99.94588745,98.29696647,99.11456936,99.06649568,99.06649568,98.27214332,3.27777778,31.83055556,0.00000000,5.64417555,38.79118145,1125.00000000,11.58714294,100.00000000,0.88543064,71.59090909
18,125,10,2.00000000,1848.00000000,1847.00000000,27.00000000,1.00000000,99.94588745,98.55923159,99.24771628,99.20619956,99.20619956,98.53758069,3.27777778,31.83333334,0.00000000,2.81820526,44.82373293,1250.00000000,12.87460327,100.00000000,0.75228372,68.43434343
18,125,11,2.00000000,1848.00000000,1847.00000000,27.00000000,1.00000000,99.94588745,98.55923159,99.24771628,99.20619956,99.20619956,98.53758069,3.27777778,31.83333334,0.00000000,1.40840676,50.84862523,1375.00000000,14.16206360,100.00000000,0.75228372,65.27777778
18,180,6,2.00000000,1848.00000000,1848.00000000,1.00000000,0.00000000,100.00000000,99.94591671,99.97295104,99.97455471,99.97455471,99.95165394,2.77777778,44.44444445,0.00000000,45.17379457,20.72392018,1080.00000000,11.12365723,100.00000000,0.02704896,72.72727273
18,180,7,2.00000000,1848.00000000,1848.00000000,0.00000000,0.00000000,100.00000000,100.00000000,100.00000000,100.00000000,100.00000000,100.00000000,2.77777778,44.44444445,0.00000000,22.55864126,26.75539579,1260.00000000,12.97760010,100.00000000,0.00000000,68.18181818
18,180,8,2.00000000,1848.00000000,1848.00000000,1.00000000,0.00000000,100.00000000,99.94591671,99.97295104,99.97455471,99.97455471,99.95165394,2.77777778,43.05555555,0.00000000,11.27472584,32.77953297,1440.00000000,14.83154297,100.00000000,0.02704896,63.63636364
18,180,9,2.00000000,1848.00000000,1848.00000000,1.00000000,0.00000000,100.00000000,99.94591671,99.97295104,99.97455471,99.97455471,99.95165394,2.77777778,44.37500000,0.00000000,5.63813414,38.79894393,1620.00000000,16.68548584,100.00000000,0.02704896,59.09090909
18,180,10,2.00000000,1848.00000000,1848.00000000,1.00000000,0.00000000,100.00000000,99.94591671,99.97295104,99.97455471,99.97455471,99.95165394,2.77777778,44.37500000,0.00000000,2.81618372,44.82843180,1800.00000000,18.53942871,100.00000000,0.02704896,54.54545455
18,180,11,2.00000000,1848.00000000,1848.00000000,1.00000000,0.00000000,100.00000000,99.94591671,99.97295104,99.97455471,99.97455471,99.95165394,2.77777778,43.05555555,0.00000000,1.41108773,50.83057128,1980.00000000,20.39337158,100.00000000,0.02704896,50.00000000
18,250,6,2.00000000,1848.00000000,1847.00000000,0.00000000,1.00000000,99.94588745,100.00000000,99.97293640,99.97111496,99.97111496,99.94511842,1.27777778,25.13333333,0.00000000,45.19024810,20.72095744,1500.00000000,15.44952393,100.00000000,0.02706360,62.12121212
18,250,7,2.00000000,1848.00000000,1847.00000000,0.00000000,1.00000000,99.94588745,100.00000000,99.97293640,99.97111496,99.97111496,99.94511842,1.27777778,24.44166667,0.00000000,22.56115683,26.75462811,1750.00000000,18.02444458,100.00000000,0.02706360,55.80808081
18,250,8,2.00000000,1848.00000000,1847.00000000,0.00000000,1.00000000,99.94588745,100.00000000,99.97293640,99.97111496,99.97111496,99.94511842,1.27777778,24.33055556,0.00000000,11.27665234,32.77824949,2000.00000000,20.59936523,100.00000000,0.02706360,49.49494949
18,250,9,2.00000000,1848.00000000,1847.00000000,0.00000000,1.00000000,99.94588745,100.00000000,99.97293640,99.97111496,99.97111496,99.94511842,1.27777778,24.74444444,0.00000000,5.64093504,38.79483011,2250.00000000,23.17428589,100.00000000,0.02706360,43.18181818
18,250,10,2.00000000,1848.00000000,1847.00000000,0.00000000,1.00000000,99.94588745,100.00000000,99.97293640,99.97111496,99.97111496,99.94511842,1.27777778,24.75555556,0.00000000,2.81852565,44.82141234,2500.00000000,25.74920654,100.00000000,0.02706360,36.86868687
18,250,11,2.00000000,1848.00000000,1847.00000000,0.00000000,1.00000000,99.94588745,100.00000000,99.97293640,99.97111496,99.97111496,99.94511842,1.27777778,24.87777778,0.00000000,1.41024205,50.83598255,2750.00000000,28.32412720,100.00000000,0.02706360,30.55555556
18,360,6,2.00000000,1848.00000000,1848.00000000,0.00000000,0.00000000,100.00000000,100.00000000,100.00000000,100.00000000,100.00000000,100.00000000,1.38888889,37.50000000,0.00000000,45.18022398,20.71874535,2160.00000000,22.24731445,100.00000000,0.00000000,45.45454545
18,360,7,2.00000000,1848.00000000,1848.00000000,0.00000000,0.00000000,100.00000000,100.00000000,100.00000000,100.00000000,100.00000000,100.00000000,1.38888889,37.50000000,0.00000000,22.55255868,26.75379569,2520.00000000,25.95520020,100.00000000,0.00000000,36.36363636
18,360,8,2.00000000,1848.00000000,1848.00000000,0.00000000,0.00000000,100.00000000,100.00000000,100.00000000,100.00000000,100.00000000,100.00000000,1.38888889,37.50000000,0.00000000,11.28070390,32.77098783,2880.00000000,29.66308594,100.00000000,0.00000000,27.27272727
18,360,9,2.00000000,1848.00000000,1848.00000000,0.00000000,0.00000000,100.00000000,100.00000000,100.00000000,100.00000000,100.00000000,100.00000000,1.38888889,37.50000000,0.00000000,5.63712495,38.79655907,3240.00000000,33.37097168,100.00000000,0.00000000,18.18181818
18,360,10,2.00000000,1848.00000000,1848.00000000,0.00000000,0.00000000,100.00000000,100.00000000,100.00000000,100.00000000,100.00000000,100.00000000,1.38888889,37.50000000,0.00000000,2.81708559,44.82171043,3600.00000000,37.07885742,100.00000000,0.00000000,9.09090909
18,360,11,2.00000000,1848.00000000,1848.00000000,0.00000000,0.00000000,100.00000000,100.00000000,100.00000000,100.00000000,100.00000000,100.00000000,1.38888889,37.50000000,0.00000000,1.40986524,50.83416120,3960.00000000,40.78674316,100.00000000,0.00000000,0.00000000
24,100,6,2.00000000,1848.00000000,1844.00000000,116.00000000,4.00000000,99.78354978,94.08163265,96.84873950,96.74620391,96.74620391,93.81778742,32.50000000,38.59722222,0.00000000,45.04424694,20.12858543,600.00000000,6.17980957,100.00000000,3.15126050,84.84848485
24,100,7,2.00000000,1848.00000000,1845.00000000,123.00000000,3.00000000,99.83766234,93.75000000,96.69811321,96.59827214,96.59827214,93.53671707,32.50000000,38.33333333,0.00000000,22.54175836,26.14161693,700.00000000,7.20977783,100.00000000,3.30188679,82.32323232
24,100,8,2.00000000,1848.00000000,1844.00000000,119.00000000,4.00000000,99.78354978,93.93785023,96.77250066,96.67027613,96.67027613,93.67352464,32.36111111,38.33333333,0.00000000,11.28531750,32.15109811,800.00000000,8.23974609,100.00000000,3.22749934,79.79797980
24,100,9,2.00000000,1848.00000000,1845.00000000,116.00000000,3.00000000,99.83766234,94.08465069,96.87582043,96.77506775,96.77506775,93.87262872,32.50000000,38.33333333,0.00000000,5.63693739,38.18050664,900.00000000,9.26971436,100.00000000,3.12417957,77.27272727
24,100,10,2.00000000,1848.00000000,1845.00000000,115.00000000,3.00000000,99.83766234,94.13265306,96.90126050,96.80043384,96.80043384,93.92082430,32.50000000,38.33333333,0.00000000,2.81940638,44.19821735,1000.00000000,10.29968262,100.00000000,3.09873950,74.74747475
24,100,11,2.00000000,1848.00000000,1845.00000000,117.00000000,3.00000000,99.83766234,94.03669725,96.85039370,96.74972915,96.74972915,93.82448538,32.50000000,38.33333333,0.00000000,1.41096116,50.21107037,1100.00000000,11.32965088,100.00000000,3.14960630,72.22222222
24,125,6,2.00000000,1848.00000000,1848.00000000,5.00000000,0.00000000,100.00000000,99.73016730,99.86490138,99.85607369,99.85607369,99.72654001,3.16666667,31.49722222,0.00000000,45.05416697,20.12685725,750.00000000,7.72476196,100.00000000,0.13509862,81.06060606
24,125,7,2.00000000,1848.00000000,1848.00000000,11.00000000,0.00000000,100.00000000,99.40828402,99.70326409,99.68445209,99.68445209,99.40045898,3.22222222,31.44444444,0.00000000,22.54130441,26.14197614,875.00000000,9.01222229,100.00000000,0.29673591,77.90404040
24,125,8,2.00000000,1848.00000000,1848.00000000,6.00000000,0.00000000,100.00000000,99.67637540,99.83792545,99.82738780,99.82738780,99.67203682,3.16666667,31.44444444,0.00000000,11.27632545,32.15820455,1000.00000000,10.29968262,100.00000000,0.16207455,74.74747475
24,125,9,2.00000000,1848.00000000,1848.00000000,6.00000000,0.00000000,100.00000000,99.67637540,99.83792545,99.82738780,99.82738780,99.67203682,3.16666667,31.44444444,0.00000000,5.62860181,38.19354613,1125.00000000,11.58714294,100.00000000,0.16207455,71.59090909
24,125,10,2.00000000,1848.00000000,1848.00000000,6.00000000,0.00000000,100.00000000,99.67637540,99.83792545,99.82738780,99.82738780,99.67203682,3.16666667,31.44444444,0.00000000,2.81768545,44.20370624,1250.00000000,12.87460327,100.00000000,0.16207455,68.43434343
24,125,11,2.00000000,1848.00000000,1848.00000000,10.00000000,0.00000000,100.00000000,99.46178687,99.73016730,99.71297359,99.71297359,99.45464983,3.16666667,31.44444444,0.00000000,1.40890585,50.22391806,1375.00000000,14.16206360,100.00000000,0.26983270,65.27777778
24,180,6,2.00000000,1848.00000000,1848.00000000,0.00000000,0.00000000,100.00000000,100.00000000,100.00000000,100.00000000,100.00000000,100.00000000,2.77777778,25.00000000,0.00000000,45.05106666,20.12594771,1080.00000000,11.12365723,100.00000000,0.00000000,72.72727273
24,180,7,2.00000000,1848.00000000,1848.00000000,0.00000000,0.00000000,100.00000000,100.00000000,100.00000000,100.00000000,100.00000000,100.00000000,2.77777778,25.00000000,0.00000000,22.54546512,26.13886273,1260.00000000,12.97760010,100.00000000,0.00000000,68.18181818
24,180,8,2.00000000,1848.00000000,1848.00000000,0.00000000,0.00000000,100.00000000,100.00000000,100.00000000,100.00000000,100.00000000,100.00000000,2.77777778,25.00000000,0.00000000,11.27266244,32.15951957,1440.00000000,14.83154297,100.00000000,0.00000000,63.63636364
24,180,9,2.00000000,1848.00000000,1848.00000000,0.00000000,0.00000000,100.00000000,100.00000000,100.00000000,100.00000000,100.00000000,100.00000000,2.77777778,25.00000000,0.00000000,5.63998455,38.17449337,1620.00000000,16.68548584,100.00000000,0.00000000,59.09090909
24,180,10,2.00000000,1848.00000000,1848.00000000,0.00000000,0.00000000,100.00000000,100.00000000,100.00000000,100.00000000,100.00000000,100.00000000,2.77777778,25.00000000,0.00000000,2.82041178,44.19380727,1800.00000000,18.53942871,100.00000000,0.00000000,54.54545455
24,180,11,2.00000000,1848.00000000,1848.00000000,0.00000000,0.00000000,100.00000000,100.00000000,100.00000000,100.00000000,100.00000000,100.00000000,2.77777778,25.00000000,0.00000000,1.41104909,50.20920445,1980.00000000,20.39337158,100.00000000,0.00000000,50.00000000
24,250,6,2.00000000,1848.00000000,1848.00000000,0.00000000,0.00000000,100.00000000,100.00000000,100.00000000,100.00000000,100.00000000,100.00000000,1.27777778,24.11111111,0.00000000,45.04647383,20.12710055,1500.00000000,15.44952393,100.00000000,0.00000000,62.12121212
24,250,7,2.00000000,1848.00000000,1848.00000000,0.00000000,0.00000000,100.00000000,100.00000000,100.00000000,100.00000000,100.00000000,100.00000000,1.22222222,23.93055556,0.00000000,22.54003358,26.14122499,1750.00000000,18.02444458,100.00000000,0.00000000,55.80808081
24,250,8,2.00000000,1848.00000000,1848.00000000,0.00000000,0.00000000,100.00000000,100.00000000,100.00000000,100.00000000,100.00000000,100.00000000,1.22222222,23.93055556,0.00000000,11.27807834,32.15561462,2000.00000000,20.59936523,100.00000000,0.00000000,49.49494949
24,250,9,2.00000000,1848.00000000,1848.00000000,0.00000000,0.00000000,100.00000000,100.00000000,100.00000000,100.00000000,100.00000000,100.00000000,1.22222222,23.94444445,0.00000000,5.63527945,38.18200703,2250.00000000,23.17428589,100.00000000,0.00000000,43.18181818
24,250,10,2.00000000,1848.00000000,1848.00000000,0.00000000,0.00000000,100.00000000,100.00000000,100.00000000,100.00000000,100.00000000,100.00000000,1.22222222,23.94444445,0.00000000,2.81945197,44.19702257,2500.00000000,25.74920654,100.00000000,0.00000000,36.86868687
24,250,11,2.00000000,1848.00000000,1848.00000000,0.00000000,0.00000000,100.00000000,100.00000000,100.00000000,100.00000000,100.00000000,100.00000000,1.22222222,23.94444445,0.00000000,1.40948637,50.21909888,2750.00000000,28.32412720,100.00000000,0.00000000,30.55555556
24,360,6,2.00000000,1848.00000000,1848.00000000,0.00000000,0.00000000,100.00000000,100.00000000,100.00000000,100.00000000,100.00000000,100.00000000,1.38888889,37.50000000,0.00000000,45.03692713,20.12436285,2160.00000000,22.24731445,100.00000000,0.00000000,45.45454545
24,360,7,2.00000000,1848.00000000,1848.00000000,0.00000000,0.00000000,100.00000000,100.00000000,100.00000000,100.00000000,100.00000000,100.00000000,1.38888889,37.50000000,0.00000000,22.54341711,26.13534190,2520.00000000,25.95520020,100.00000000,0.00000000,36.36363636
24,360,8,2.00000000,1848.00000000,1848.00000000,0.00000000,0.00000000,100.00000000,100.00000000,100.00000000,100.00000000,100.00000000,100.00000000,1.38888889,38.88888889,0.00000000,11.27731432,32.15162315,2880.00000000,29.66308594,100.00000000,0.00000000,27.27272727
24,360,9,2.00000000,1848.00000000,1848.00000000,0.00000000,0.00000000,100.00000000,100.00000000,100.00000000,100.00000000,100.00000000,100.00000000,1.38888889,38.54166667,0.00000000,5.63968973,38.17063273,3240.00000000,33.37097168,100.00000000,0.00000000,18.18181818
24,360,10,2.00000000,1848.00000000,1848.00000000,0.00000000,0.00000000,100.00000000,100.00000000,100.00000000,100.00000000,100.00000000,100.00000000,1.38888889,38.54166667,0.00000000,2.82048957,44.18924701,3600.00000000,37.07885742,100.00000000,0.00000000,9.09090909
24,360,11,2.00000000,1848.00000000,1848.00000000,0.00000000,0.00000000,100.00000000,100.00000000,100.00000000,100.00000000,100.00000000,100.00000000,1.38888889,38.88888889,0.00000000,1.40969826,50.21321425,3960.00000000,40.78674316,100.00000000,0.00000000,0.00000000
