dataset,file,size_bytes,sha256,official_url
mitdb,100.atr,4558,8d8a5349fb16638ebbf649f1779d12e96d91b736b2aafe59db43719ae583d471,https://physionet.org/files/mitdb/1.0.0/100.atr
mitdb,100.dat,1950000,b2ea3c250e56e48f4b7b90697832b8ecd1afa1e0bb31f2dcfea4ed6e1075a639,https://physionet.org/files/mitdb/1.0.0/100.dat
mitdb,100.hea,143,60ebc904c7bf3e04d142638d3fd5c903e8dc9f10f1ea3264e07926aa089ee75e,https://physionet.org/files/mitdb/1.0.0/100.hea
mitdb,101.atr,3768,441cdd6486cfdf4c53e344d1048ab81296773e7058d53069022adc68543a0663,https://physionet.org/files/mitdb/1.0.0/101.atr
mitdb,101.dat,1950000,698d1ea6f472d23ca50317c72c96cda2698badd8578220ed0380cdf241e39006,https://physionet.org/files/mitdb/1.0.0/101.dat
mitdb,101.hea,131,d5f02fbe8673fa05465442191b98ca0d28a1670e7ef0e83fb9ef8723113a311c,https://physionet.org/files/mitdb/1.0.0/101.hea
mitdb,102.atr,4424,24e29031c081806ff6d4ec20fb386e28d8f885f0dca5f74dc29c881e8b196d09,https://physionet.org/files/mitdb/1.0.0/102.atr
mitdb,102.dat,1950000,2b56039f9ece83b53511e0fc24e95f23b90712c8017fe4d915e040e78713c38e,https://physionet.org/files/mitdb/1.0.0/102.dat
mitdb,102.hea,204,a22f09934ee1cfe339d1502f68eb3f0175815f47273b81ea55f75aeb5584cb0d,https://physionet.org/files/mitdb/1.0.0/102.hea
mitdb,103.atr,4196,392ce37fbc7e89b3f14998e197a844f23cce6a3db6edaa71b4b49bf3ca5b6596,https://physionet.org/files/mitdb/1.0.0/103.atr
mitdb,103.dat,1950000,f7994f0bd196730779998b4bddf26cb47f396599fb370a08b5cb29a3ac4d555d,https://physionet.org/files/mitdb/1.0.0/103.dat
mitdb,103.hea,142,3da9706fc27cc5d627a31b04b74b908ac0b6e061843a87cbd57801e5ea0fed7b,https://physionet.org/files/mitdb/1.0.0/103.hea
mitdb,104.atr,4948,4f945bef6a4e30b588d7ebdb0763f5294322aa5632b4bb128ee140c7035463c9,https://physionet.org/files/mitdb/1.0.0/104.atr
mitdb,104.dat,1950000,aeb19bd805996167c6edd8f1b1a659486c0cbad101f06f1426548784d9634354,https://physionet.org/files/mitdb/1.0.0/104.dat
mitdb,104.hea,378,46b5d09e2cae7caaf48f61fc7d0f20962035cf057cf675097fc7d64c4796748f,https://physionet.org/files/mitdb/1.0.0/104.hea
mitdb,105.atr,5638,278d534c1ad952a6d41db963b6b2b00be070d8dd5fa66545caa5c18edcc36497,https://physionet.org/files/mitdb/1.0.0/105.atr
mitdb,105.dat,1950000,fcd0153dfea69c749194bb73de7db124588857cfa2f6aecb72754894c8afde02,https://physionet.org/files/mitdb/1.0.0/105.dat
mitdb,105.hea,258,9a024eebf8e9baf630308815e689d7e3eab471ab0069db6aded127c396418d48,https://physionet.org/files/mitdb/1.0.0/105.hea
mitdb,106.atr,5476,585347e6d1bd3ad89cdb52cb80945878a5e51026d81f871a376bb6e13936f7fa,https://physionet.org/files/mitdb/1.0.0/106.atr
mitdb,106.dat,1950000,c017bc18b95b1f970bca143a044ee5d54168648b541e47aa656f2737a59c1202,https://physionet.org/files/mitdb/1.0.0/106.dat
mitdb,106.hea,158,ad5ed3ee5603926a07a09f0d0c9e2a7ff10a705dbafcde3d185317730a8839ab,https://physionet.org/files/mitdb/1.0.0/106.hea
mitdb,107.atr,4406,559453fc0454d2aa2b744224fd301007b8e41585c6b6f239709c8c2cdbe207f4,https://physionet.org/files/mitdb/1.0.0/107.atr
mitdb,107.dat,1950000,ea2254006bb0503926bfb7f6ca3ccf0b3e1ae6bfa8f5eb702bab5d8e960af728,https://physionet.org/files/mitdb/1.0.0/107.dat
mitdb,107.hea,193,7c9c70b4ccfd3e503b6d4d20eeb508aa89cfd3a5d2b530bc873aba6a2a503dd4,https://physionet.org/files/mitdb/1.0.0/107.hea
mitdb,108.atr,3742,ea227008ac3bc4ada87807117909e77ae0643d5a8bc09f32b9096a35f140cbf3,https://physionet.org/files/mitdb/1.0.0/108.atr
mitdb,108.dat,1950000,229a4ef62679dc5c6ea781bfbaec2bd784151fc9f9517f4cdecd533a9431eb20,https://physionet.org/files/mitdb/1.0.0/108.dat
mitdb,108.hea,311,1c461d963db1883589a975daa80b4104eee6cabb2f5cfec3e0d63b78e7a6a405,https://physionet.org/files/mitdb/1.0.0/108.hea
mitdb,109.atr,5080,2eef456587bab17263a126063321c040affa29bc4ccfdf2a2bc7fe50709fa1b8,https://physionet.org/files/mitdb/1.0.0/109.atr
mitdb,109.dat,1950000,267afd6ced7a1fd5a8bcd21fcc2b83287e37e3ef57f32e8a0fe39a6e021951cd,https://physionet.org/files/mitdb/1.0.0/109.dat
mitdb,109.hea,195,3b21402a9a096acb6a2199b25681e40b0dd201494cb023ded514cd9726bb7fad,https://physionet.org/files/mitdb/1.0.0/109.hea
mitdb,111.atr,4284,372ed78bb0bbe7d5d9dc7e676c03d72530729775b5cfa94501485329fc47b8cb,https://physionet.org/files/mitdb/1.0.0/111.atr
mitdb,111.dat,1950000,8372d98ae59fbfd023502a9d0fc03fb5383083da92584b964484e18593e08485,https://physionet.org/files/mitdb/1.0.0/111.dat
mitdb,111.hea,285,9e635a715d6cc44a716a7a73c6dd365bd94099f94e63accb2a65c5b25b4b69b5,https://physionet.org/files/mitdb/1.0.0/111.hea
mitdb,112.atr,5118,69cf7ee24d65a5430162ae9b6452be9d4855c2af47f91976b7f02038ea115002,https://physionet.org/files/mitdb/1.0.0/112.atr
mitdb,112.dat,1950000,3c7af9758687314255b5d946a58d9509d53ecf2a300230684fa8ecf00b774bdb,https://physionet.org/files/mitdb/1.0.0/112.dat
mitdb,112.hea,198,a78dc4b0907b3db806395cff76b3a2e9a70e889b9dc3702c7de55aa8b41abd7d,https://physionet.org/files/mitdb/1.0.0/112.hea
mitdb,113.atr,3600,39527d597a246410d2c16f062600c73271a73a7503d49cafd1d17508af4cd432,https://physionet.org/files/mitdb/1.0.0/113.atr
mitdb,113.dat,1950000,f5509b71dabaaa11c53f687ee17aab0071bce3d471e2ab77c71a6434f5b7aacf,https://physionet.org/files/mitdb/1.0.0/113.dat
mitdb,113.hea,235,848ed5243adaf3b53c72b36b1a5a8b5b8cf585a1d78a02e7b25c1d38818d4343,https://physionet.org/files/mitdb/1.0.0/113.hea
mitdb,114.atr,3878,5280acb082b654d64944137987a00fbc2105b3a3fcdda75d0bf11d4644e40d9f,https://physionet.org/files/mitdb/1.0.0/114.atr
mitdb,114.dat,1950000,2ae83463edcfec256b79ce93716dcb40f289bacbe9e5e7a66cd00d0a31099d4b,https://physionet.org/files/mitdb/1.0.0/114.dat
mitdb,114.hea,160,830ba89cebf60945db0c78332e3cc6c64acbe218f6f16594660d4f17423ee889,https://physionet.org/files/mitdb/1.0.0/114.hea
mitdb,115.atr,3946,4980667b19b7a637729d40762f071b483d69f5431db818cbddc9a8ae64cc4da2,https://physionet.org/files/mitdb/1.0.0/115.atr
mitdb,115.dat,1950000,34185efe9889608c76ebfbf5a467d3457970c6d11b77a2bf81b94bcf46e07c41,https://physionet.org/files/mitdb/1.0.0/115.dat
mitdb,115.hea,126,3212847a692bf3bc5e1dde0343d272e7d56735983276031420060d51d0cdd41c,https://physionet.org/files/mitdb/1.0.0/115.hea
mitdb,116.atr,4858,abd31e2c878073e67319d5a6fa34923fe117cca02e5c80318378405c853ccbef,https://physionet.org/files/mitdb/1.0.0/116.atr
mitdb,116.dat,1950000,0ab38cfca76d816673213dcd570504bb3ab02ef76d51540fd7a6075bc580ad85,https://physionet.org/files/mitdb/1.0.0/116.dat
mitdb,116.hea,158,5553273cafa68c106468ddfaa3bd1d6a30daec53cff1642d3592a20110b2edad,https://physionet.org/files/mitdb/1.0.0/116.hea
mitdb,117.atr,3090,232beaacf4a4eb4b6d2f2242f01ecae3d2842be1dd0afe890037ae050f91ce63,https://physionet.org/files/mitdb/1.0.0/117.atr
mitdb,117.dat,1950000,2ce7de6f20baf4cfef0369f9a13fa53784d18e2da78c11afa1e4c55e8ad1900e,https://physionet.org/files/mitdb/1.0.0/117.dat
mitdb,117.hea,127,452e70b5eb3fe3ebc3fc61284f70b788dbf83bb98f951c2b0bb5f0b95156d06a,https://physionet.org/files/mitdb/1.0.0/117.hea
mitdb,118.atr,4622,77afd5400648d128223d5029a49c442f5abd65ba997f732489cb8eed39d71551,https://physionet.org/files/mitdb/1.0.0/118.atr
mitdb,118.dat,1950000,66ea4b70b7d64abd0f49089ae1b8f0f577664c46e5b29ac23b291934e063df15,https://physionet.org/files/mitdb/1.0.0/118.dat
mitdb,118.hea,167,48a3d0c4e7742ca0e39a2cbb3ea5142a4d41261adbd0bb25651e0fcd9c6aef2b,https://physionet.org/files/mitdb/1.0.0/118.hea
mitdb,119.atr,4812,fd919c8ea20eed4a22fb37984977f30ce48d382eefd2d90934bf947a88e0fd7b,https://physionet.org/files/mitdb/1.0.0/119.atr
mitdb,119.dat,1950000,02a286a28e69b441568add915f16a2856b22bab893bf8729ee9654411ed3a5aa,https://physionet.org/files/mitdb/1.0.0/119.dat
mitdb,119.hea,158,658f01382d7280a06e2f4c06363569d477394a6898c69ee788bb383f6092df63,https://physionet.org/files/mitdb/1.0.0/119.hea
mitdb,121.atr,3774,dbda472aa08eeb6bbbf775b8123e466a7ee57638caecd156407de3141c9fa71c,https://physionet.org/files/mitdb/1.0.0/121.atr
mitdb,121.dat,1950000,679f374a7b2557fed04a4bc5648301ce9bdd38e5a4f13b2e63ebbcf7cb3fb482,https://physionet.org/files/mitdb/1.0.0/121.dat
mitdb,121.hea,150,1838d38ff54fed9b831207761d7321682dad0b693f944e4c3a4e6388c46ca6ff,https://physionet.org/files/mitdb/1.0.0/121.hea
mitdb,122.atr,4970,34966d92a94c72126253c0297407cff78e53be1f72c6814e28676bcda8be90de,https://physionet.org/files/mitdb/1.0.0/122.atr
mitdb,122.dat,1950000,a700c794bfe23565603d75dc5706915f5436e522802d260e758683d11f5b9e13,https://physionet.org/files/mitdb/1.0.0/122.dat
mitdb,122.hea,221,b43ca64ed2c6e69d15def2c30f8cb2cbf25cb807f9530b1e7d5cfed2fd496f70,https://physionet.org/files/mitdb/1.0.0/122.hea
mitdb,123.atr,3046,061bfd2590fd9d6040d32741a19697491dedb65cbbc5b3865a5c50d49f52d709,https://physionet.org/files/mitdb/1.0.0/123.atr
mitdb,123.dat,1950000,8a685a846b82d72aac4dd86171ad0fe5b19c0bd9ce51ddc1e6f015f73b2d8c3a,https://physionet.org/files/mitdb/1.0.0/123.dat
mitdb,123.hea,183,aab5351e9da6f4beb22392f1a469df4a9e4b8017fea820432cf7d1846244d094,https://physionet.org/files/mitdb/1.0.0/123.hea
mitdb,124.atr,3360,f9c8cac368f1f6ba8895ae47f5771c82597374c1e6b030385ca2eb186454677c,https://physionet.org/files/mitdb/1.0.0/124.atr
mitdb,124.dat,1950000,296988e49d2653eb499ad0b17c46826b4296b7eaf94df3f76f1ba2dcdf6bc48b,https://physionet.org/files/mitdb/1.0.0/124.dat
mitdb,124.hea,219,2200f917fe7a1fa817b79069a274d3291a6fa66289521af5e7d38edeb3e82bce,https://physionet.org/files/mitdb/1.0.0/124.hea
mitdb,200.atr,8114,f9624a11696760427d75314a78c31f89ca3c446af855890c8f8b66cddd8b3a3f,https://physionet.org/files/mitdb/1.0.0/200.atr
mitdb,200.dat,1950000,a9e203b3807b9fcd3647cde03444437cb8eec7f5128a8eb413edafb394272e0f,https://physionet.org/files/mitdb/1.0.0/200.dat
mitdb,200.hea,306,9e0c2ff5b790cf624deab0ccb8a9f211a9e29a748d8197da3c1ee7c5b596b40c,https://physionet.org/files/mitdb/1.0.0/200.hea
mitdb,201.atr,4322,df1276b6c6952b177ec6eea2be3edc7a96888454107a3ee56be880b0afaf6f35,https://physionet.org/files/mitdb/1.0.0/201.atr
mitdb,201.dat,1950000,16610ae46eff900794597503d15af4572a8b1518f18dbed2843b7e68c81f3898,https://physionet.org/files/mitdb/1.0.0/201.dat
mitdb,201.hea,284,dba34d6252879af28c1d10cde200989a4f6507d98df4395f5cba5f81af5b7e5a,https://physionet.org/files/mitdb/1.0.0/201.hea
mitdb,202.atr,4388,16d59e44564844c39a648164580a69e71f1657e951e6ad121b64eb1a11db037d,https://physionet.org/files/mitdb/1.0.0/202.atr
mitdb,202.dat,1950000,0c990e4142de6be898de4b21bd6e6705cd567e5d97cb731a994dc5aee9c7142d,https://physionet.org/files/mitdb/1.0.0/202.dat
mitdb,202.hea,277,6822216d1bc51f7014637c53e543cdc3863fea4ee3fec3aa99fb0762aece0cba,https://physionet.org/files/mitdb/1.0.0/202.hea
mitdb,203.atr,7094,2573f948e54a538983a44bf946e3e61cdda60e898b4c65ca8559b57c4877c706,https://physionet.org/files/mitdb/1.0.0/203.atr
mitdb,203.dat,1950000,5ba7d2237fc838438efd8bb0a3baeffc5de2e70c76e3ab7e401e811ad82f43e0,https://physionet.org/files/mitdb/1.0.0/203.dat
mitdb,203.hea,423,25b3a3107dd00221b245ef5c23ffdfbd07caaf58e2cf377734f3a947361b26a5,https://physionet.org/files/mitdb/1.0.0/203.hea
mitdb,205.atr,5436,0ae55e31175b9ba36e09c3b556b15e3e70f254936a2634d5ff341dfb86a74ea9,https://physionet.org/files/mitdb/1.0.0/205.atr
mitdb,205.dat,1950000,8a513c39e6d9a1d732de0b3909a87aa1fcfd4bd55ab5f59a5b810967d252af36,https://physionet.org/files/mitdb/1.0.0/205.dat
mitdb,205.hea,222,739f76bbcbbfdad1f260a043a5f7106f6e912894065b15ea75bee42af0380a2a,https://physionet.org/files/mitdb/1.0.0/205.hea
mitdb,207.atr,4958,cceb64d68033a277d2d5669458d49258295102dd3e20614a0ca7d63b67009404,https://physionet.org/files/mitdb/1.0.0/207.atr
mitdb,207.dat,1950000,139f99250366fbf347cba4d8ea1fbe788f98cb1b93b70f50ccba70122d908605,https://physionet.org/files/mitdb/1.0.0/207.dat
mitdb,207.hea,546,7645d488d4c304760aae0a709193ffa13692c317b551bcbdcbb37011032178d8,https://physionet.org/files/mitdb/1.0.0/207.hea
mitdb,208.atr,8578,33878519ee34d00cb233fdb15b11c2b8da0b0aea2e643d31b07105cc3392edf4,https://physionet.org/files/mitdb/1.0.0/208.atr
mitdb,208.dat,1950000,22873623623c44ee413a5b60cacb15d4af2723734836fb3ae45d9ff96bdb36e7,https://physionet.org/files/mitdb/1.0.0/208.dat
mitdb,208.hea,308,5a27efda1bea972440a0b5f40a1c322898693e9602d5ce4722fe750b7dea46e9,https://physionet.org/files/mitdb/1.0.0/208.hea
mitdb,209.atr,6288,c0697b176e7caf49e34f93e28eaeeff7167e2de380a8698f6cb3fb3a5fcb1c84,https://physionet.org/files/mitdb/1.0.0/209.atr
mitdb,209.dat,1950000,e2516dd126ea85529d9a0e8442fef5d880a492d41f0692a76e648c8437f15c5f,https://physionet.org/files/mitdb/1.0.0/209.dat
mitdb,209.hea,157,9ac1abedc17f898bf6a1db9c64c38ccf4f065ebc3989ee7740f4c0796655e590,https://physionet.org/files/mitdb/1.0.0/209.hea
mitdb,210.atr,5824,5a46bef3d185c903b1ce099a988898fc829cea7e6c5bc1984532efd694fa8db6,https://physionet.org/files/mitdb/1.0.0/210.atr
mitdb,210.dat,1950000,76e971fba03c0ae2ab261c7446240987ecde82f45dad1d4f36e290b950eb464b,https://physionet.org/files/mitdb/1.0.0/210.dat
mitdb,210.hea,158,9d6a422834435fb8d267256f4fd01bfd8158b511f662c4b5dd8c60059944a322,https://physionet.org/files/mitdb/1.0.0/210.hea
mitdb,212.atr,5550,dc4d0bec7e3ced82f67ef9d5264bcdb3d167c2214125eb04891040fbbb340816,https://physionet.org/files/mitdb/1.0.0/212.atr
mitdb,212.dat,1950000,6b63d3e20c40073be852e8121196d5de2ede502168fcb6c10ca5af841418cc5c,https://physionet.org/files/mitdb/1.0.0/212.dat
mitdb,212.hea,248,f67d7c99a8ba055941e8aa98fd1f31dfd7dd1d957c85f40b488237eecba61aad,https://physionet.org/files/mitdb/1.0.0/212.hea
mitdb,213.atr,6852,44349e22176aad3f688ca9a62f283a993927a0b9ef6d97f473cde3b16cfabc9a,https://physionet.org/files/mitdb/1.0.0/213.atr
mitdb,213.dat,1950000,0cb13cd9299b0ab68f8f3064b2ab72f853d155abb277b68daef0a26cbc173b0d,https://physionet.org/files/mitdb/1.0.0/213.dat
mitdb,213.hea,327,6b64b05c7a28630acf3ffb5e541d635e3fc854ea3602b1b355762f94c6058f17,https://physionet.org/files/mitdb/1.0.0/213.hea
mitdb,214.atr,4790,09c588b0623f6dc6138928ce2006f294c4ef3da143eec2cdba6eddb9b1597214,https://physionet.org/files/mitdb/1.0.0/214.atr
mitdb,214.dat,1950000,a886b1ceb56e950858dedf5b56d3fdb5f26aef3667f8effcb880c1c000ee0cd3,https://physionet.org/files/mitdb/1.0.0/214.dat
mitdb,214.hea,270,beb6b379e93cbe94eb9f1461cccaa0131940e14322df4abbc07665b722ed9206,https://physionet.org/files/mitdb/1.0.0/214.hea
mitdb,215.atr,6878,94968307b89eb0be766cbb88617f08571ed41b3b25b294d19a72b7ffd2525aee,https://physionet.org/files/mitdb/1.0.0/215.atr
mitdb,215.dat,1950000,9e28799b5733a2d60470653e6f6ca26610143303233a1b7559cff54e2ad26ef9,https://physionet.org/files/mitdb/1.0.0/215.dat
mitdb,215.hea,256,a326c25698a0773a6be986f2cae499981224d3c61d8fdcddfbb3beaf3ff0bcbd,https://physionet.org/files/mitdb/1.0.0/215.hea
mitdb,217.atr,5262,196ad0989b837b5d51784e13bef1242549ca7266f0da21743f208302e3e3f5e1,https://physionet.org/files/mitdb/1.0.0/217.atr
mitdb,217.dat,1950000,de29975a2a476eaa1a3f07b90134cec70830b2d7932b213354ba175914a6040a,https://physionet.org/files/mitdb/1.0.0/217.dat
mitdb,217.hea,178,5320a16d3a7d1dea32cdf905b7f5140772a01bf6b11065e0ab937cc6775c5ce6,https://physionet.org/files/mitdb/1.0.0/217.hea
mitdb,219.atr,4798,271928544ce78772669c50b26cf4de163a53f5b90187b5d8080928def79f0e6a,https://physionet.org/files/mitdb/1.0.0/219.atr
mitdb,219.dat,1950000,7fc27b77e313aaa40da9f39783f8fb29a6a910be148e67463e5093793644751a,https://physionet.org/files/mitdb/1.0.0/219.dat
mitdb,219.hea,276,d14f0ffbf19f9842dbaa15f82bcedbc7b9b96f00f422b7e4da31112a1d1b2b67,https://physionet.org/files/mitdb/1.0.0/219.hea
mitdb,220.atr,4262,9cf9f330823e2a9850d51a7fce1f8ecfe5bb84e80e89412bd9f4de6a67f9ccc7,https://physionet.org/files/mitdb/1.0.0/220.atr
mitdb,220.dat,1950000,c01ca1a76fb3a89e96134a08f2e5aa6e760eda59ea9086ba8aaa13ba0cca9cff,https://physionet.org/files/mitdb/1.0.0/220.dat
mitdb,220.hea,132,af40adc6deb9c0e942432e69a7153e41ac252eb6c15a24a715ef258469cda2e5,https://physionet.org/files/mitdb/1.0.0/220.hea
mitdb,221.atr,5874,92549b966cc17bcf2edf00a97237d1e350a761d9ffe20065b5ed303848aad7ae,https://physionet.org/files/mitdb/1.0.0/221.atr
mitdb,221.dat,1950000,274d17c6a35f7adcbb10a59ea34350e5ad299c2d69e4fa579d8863213e1fe9ae,https://physionet.org/files/mitdb/1.0.0/221.dat
mitdb,221.hea,228,09afd18974ee6e0cfa8b5b6ce80112c4df0cfbb8c8d01d3d085ecdf7790ada7b,https://physionet.org/files/mitdb/1.0.0/221.hea
mitdb,222.atr,6230,a0206b778a9f073d451023e802e52059754648e83fe1dc669395b4884ccad356,https://physionet.org/files/mitdb/1.0.0/222.atr
mitdb,222.dat,1950000,0510bf39ed2925a83debd249492bdfe77c575148376aaabeba4c7b7a2451ac5d,https://physionet.org/files/mitdb/1.0.0/222.dat
mitdb,222.hea,333,a395bf5e58492e6724616532aae1cca7c50626fd66fe61f843a92adadc27293d,https://physionet.org/files/mitdb/1.0.0/222.hea
mitdb,223.atr,5468,beaa5cb3eb5fb64a5f9e1dfcac9297f9564b379c9c354cbf8f9f927d9b81ccf1,https://physionet.org/files/mitdb/1.0.0/223.atr
mitdb,223.dat,1950000,1d42aa9e13f7349287ae5f0f00b40078c01aadd39e2cad1001ab42d3b7484594,https://physionet.org/files/mitdb/1.0.0/223.dat
mitdb,223.hea,258,bbd414e57b6eafa53204fb7eeb1212c9d47f598f36e8838b103bfb68a316ca85,https://physionet.org/files/mitdb/1.0.0/223.hea
mitdb,228.atr,5198,7e08ee90f668800fb3e1a66193fb8f8b4b91c3ec2f52f384756bab826e019d1d,https://physionet.org/files/mitdb/1.0.0/228.atr
mitdb,228.dat,1950000,b2421f15447772bb7a38f5073e4e07d5d9be50d875441a4a0821c9e22b78fdac,https://physionet.org/files/mitdb/1.0.0/228.dat
mitdb,228.hea,302,b4a2796ca39816b32d5b24c2c1d0a2aa355d159aafd7ecbfb1cdf11a695a14d8,https://physionet.org/files/mitdb/1.0.0/228.hea
mitdb,230.atr,6386,403d0d4842ba7135b1e14b9e5c50cba214753a0e17bf979090b2c6a8018f7eae,https://physionet.org/files/mitdb/1.0.0/230.atr
mitdb,230.dat,1950000,fba09ea54d9caa342c54c46e0df247335345b02444f7d15162906adfef55d057,https://physionet.org/files/mitdb/1.0.0/230.dat
mitdb,230.hea,133,5738bb479316dcc324b27807bbbffd8878da6156707c6cfbc08dcd0fa4771671,https://physionet.org/files/mitdb/1.0.0/230.hea
mitdb,231.atr,7516,b82cc005618eab81b3a246ca5c5a61903f3c0f40c191d7fb953adf054ea691de,https://physionet.org/files/mitdb/1.0.0/231.atr
mitdb,231.dat,1950000,7d4f56d6c4b1d50322154381c1d8761457c2f2696973e915a3c19d8a5b789595,https://physionet.org/files/mitdb/1.0.0/231.dat
mitdb,231.hea,333,733195a792e806a897531475eabcdec71e96f7b6cd7bcf57f9f1b2538cb13503,https://physionet.org/files/mitdb/1.0.0/231.hea
mitdb,232.atr,3914,be0e236cb883c669128da01beae0ec0efc39fdfaa5c1e878a3cef5443db8c934,https://physionet.org/files/mitdb/1.0.0/232.atr
mitdb,232.dat,1950000,3d74a21f848766c9607bc5eead7e4b2655f09586adb5561f02fd8fcb0e9da6d0,https://physionet.org/files/mitdb/1.0.0/232.dat
mitdb,232.hea,389,5ff480450238ffc957abde76687b7e3d728c4b7b19063c8a0b1d08469a2228ea,https://physionet.org/files/mitdb/1.0.0/232.hea
mitdb,233.atr,6770,c9ce42ecefa9a92e2ec69f9d237d8a53c67c60b31a25d579356ea8910bcc368a,https://physionet.org/files/mitdb/1.0.0/233.atr
mitdb,233.dat,1950000,6ccd6b1fa0cafc052369e7ec0a99cc6c3b56b3c12afff26db800c55a826211b4,https://physionet.org/files/mitdb/1.0.0/233.dat
mitdb,233.hea,162,d5ef73b3b4a98bec6e3d853db08ff18b0a1a9173c95327bcb15b2cfecee99b85,https://physionet.org/files/mitdb/1.0.0/233.hea
mitdb,234.atr,5560,e829a3e4131fbe9420c1740bfb5000b3f4f64a2b40aa5f739ed6420f75be6785,https://physionet.org/files/mitdb/1.0.0/234.atr
mitdb,234.dat,1950000,89f826307bfc91a554021da87c17b88b843ed3d26aa9ea237fc6f7c8af00da6d,https://physionet.org/files/mitdb/1.0.0/234.dat
mitdb,234.hea,156,91c94c803d05f637cc29a3f353d88e1c25b20a25957c8cc25f7cbbf9fe2627c9,https://physionet.org/files/mitdb/1.0.0/234.hea
mitdb,RECORDS,192,fcdca7ead9fc93f612f7e025029241cb6429ba2fcd05327b661bdc6b26fbcb57,https://physionet.org/files/mitdb/1.0.0/RECORDS
nstdb,118e00.atr,4622,77afd5400648d128223d5029a49c442f5abd65ba997f732489cb8eed39d71551,https://physionet.org/files/nstdb/1.0.0/118e00.atr
nstdb,118e00.dat,2600000,e4174f9def17dff5a3520e14425b70a66b51c596b568bec52c193471f30c64d3,https://physionet.org/files/nstdb/1.0.0/118e00.dat
nstdb,118e00.hea,173,9317736e3a91040d35a94e1ccb188ccea59f7f9dd2331b40df52fe9f19a79c45,https://physionet.org/files/nstdb/1.0.0/118e00.hea
nstdb,118e06.atr,4622,77afd5400648d128223d5029a49c442f5abd65ba997f732489cb8eed39d71551,https://physionet.org/files/nstdb/1.0.0/118e06.atr
nstdb,118e06.dat,1950000,ac6848a54bcdb05a3bf8266cca7970d97f8575334ec6e28bdd88b6d24e568ff1,https://physionet.org/files/nstdb/1.0.0/118e06.dat
nstdb,118e06.hea,175,97a7042b0c23d63adab1106f7d47882e915c7c1db6e7ee2519367e3e55cb3b6f,https://physionet.org/files/nstdb/1.0.0/118e06.hea
nstdb,118e12.atr,4622,77afd5400648d128223d5029a49c442f5abd65ba997f732489cb8eed39d71551,https://physionet.org/files/nstdb/1.0.0/118e12.atr
nstdb,118e12.dat,1950000,7d25e59e68400aa40b435caed153b32f0333f2445f2f21d7409c612c0dc3761c,https://physionet.org/files/nstdb/1.0.0/118e12.dat
nstdb,118e12.hea,177,3d4bb4b96d47a7b3900bf2207eefbe9f1e294901dcbddbb470ae190fb7f1b0b4,https://physionet.org/files/nstdb/1.0.0/118e12.hea
nstdb,118e18.atr,4622,77afd5400648d128223d5029a49c442f5abd65ba997f732489cb8eed39d71551,https://physionet.org/files/nstdb/1.0.0/118e18.atr
nstdb,118e18.dat,1950000,d0e5b78460e1b2fbcd6ca7435fa64b102ce747d3fdc4685f6761f6cf79cac9d8,https://physionet.org/files/nstdb/1.0.0/118e18.dat
nstdb,118e18.hea,175,8274159d47e8f4f57dccb0b2de015ff8927a9f6975563e3fb9703903fd5dea71,https://physionet.org/files/nstdb/1.0.0/118e18.hea
nstdb,118e24.atr,4622,77afd5400648d128223d5029a49c442f5abd65ba997f732489cb8eed39d71551,https://physionet.org/files/nstdb/1.0.0/118e24.atr
nstdb,118e24.dat,1950000,fe313df01e72c7134cc1caee92394d02966569ac4ef6f5cc571a4cd70d94d78c,https://physionet.org/files/nstdb/1.0.0/118e24.dat
nstdb,118e24.hea,176,87773e0313f872a4e13ef3fe5a6ff314080fc843baa11d99f8218e5e413d1cee,https://physionet.org/files/nstdb/1.0.0/118e24.hea
nstdb,118e_6.atr,4622,77afd5400648d128223d5029a49c442f5abd65ba997f732489cb8eed39d71551,https://physionet.org/files/nstdb/1.0.0/118e_6.atr
nstdb,118e_6.dat,2600000,6cd17f65bf51bec446cefd3daf6bea9b285d280298fc3abae7c3661a34cb442e,https://physionet.org/files/nstdb/1.0.0/118e_6.dat
nstdb,118e_6.hea,172,f9c5fb86ecf3a8cd40d2b3f9f4b59d02afea3ea45eba3b448eed492aa1467ab4,https://physionet.org/files/nstdb/1.0.0/118e_6.hea
nstdb,119e00.atr,4812,5fbac194420ce9b2dd0aaf9e9973e0949c5871a8492574d8a3f02000d19cf28e,https://physionet.org/files/nstdb/1.0.0/119e00.atr
nstdb,119e00.dat,2600000,776efbffe8a4f3ec2dc86d4cd0c82c2fc659c911412df4b1581d9dd09430d720,https://physionet.org/files/nstdb/1.0.0/119e00.dat
nstdb,119e00.hea,170,e2957931f2e0a356f3c1e7dae1bc24795a4a574f86535c0c16ccdc2e3323f98d,https://physionet.org/files/nstdb/1.0.0/119e00.hea
nstdb,119e06.atr,4812,5fbac194420ce9b2dd0aaf9e9973e0949c5871a8492574d8a3f02000d19cf28e,https://physionet.org/files/nstdb/1.0.0/119e06.atr
nstdb,119e06.dat,1950000,08866e9afb2dc7e0dbcca61044b3da60d1361983f12a7155d77461a0639f0319,https://physionet.org/files/nstdb/1.0.0/119e06.dat
nstdb,119e06.hea,175,91536e9f794ea4a947e05bcea761fff8b4f444be2a11920f36f49d44eff5d30d,https://physionet.org/files/nstdb/1.0.0/119e06.hea
nstdb,119e12.atr,4812,5fbac194420ce9b2dd0aaf9e9973e0949c5871a8492574d8a3f02000d19cf28e,https://physionet.org/files/nstdb/1.0.0/119e12.atr
nstdb,119e12.dat,1950000,d0aa322b0d5e8ea56d5245ce6660fd9effc6a170b1772c08493438a51c08465c,https://physionet.org/files/nstdb/1.0.0/119e12.dat
nstdb,119e12.hea,174,6497aa15b9ee502cf832501a2272a09e74d71afecac322f8fc7ef8b43e9769a0,https://physionet.org/files/nstdb/1.0.0/119e12.hea
nstdb,119e18.atr,4812,5fbac194420ce9b2dd0aaf9e9973e0949c5871a8492574d8a3f02000d19cf28e,https://physionet.org/files/nstdb/1.0.0/119e18.atr
nstdb,119e18.dat,1950000,0d879b564d94bfbf7f8f57e2fe3adb5e2d9f58210aa22c9e16b68b2e112d8129,https://physionet.org/files/nstdb/1.0.0/119e18.dat
nstdb,119e18.hea,175,50607b7b8f60487964832bc2b607d6203cd3e37487b07391be275adc0928b862,https://physionet.org/files/nstdb/1.0.0/119e18.hea
nstdb,119e24.atr,4812,5fbac194420ce9b2dd0aaf9e9973e0949c5871a8492574d8a3f02000d19cf28e,https://physionet.org/files/nstdb/1.0.0/119e24.atr
nstdb,119e24.dat,1950000,affba7ddda1f1f86b2fb79449e8c79ff9b674a3b480b5ab12139c7c435941acb,https://physionet.org/files/nstdb/1.0.0/119e24.dat
nstdb,119e24.hea,175,a9be0c0f0daa1faf46364aaa8d8ffbe6d56ca7dd4572ef810409ceb98e5548fc,https://physionet.org/files/nstdb/1.0.0/119e24.hea
nstdb,119e_6.atr,4812,5fbac194420ce9b2dd0aaf9e9973e0949c5871a8492574d8a3f02000d19cf28e,https://physionet.org/files/nstdb/1.0.0/119e_6.atr
nstdb,119e_6.dat,2600000,e01f43c58c57d15519707b60e5d5d59e115d85894c8418c9054758bb21dc399b,https://physionet.org/files/nstdb/1.0.0/119e_6.dat
nstdb,119e_6.hea,171,15e07dc4bbc56920d4584e5fb338f816e492774be6d4c71e82c6938c3aa331c2,https://physionet.org/files/nstdb/1.0.0/119e_6.hea
nstdb,RECORDS,93,006d76f378c140ebbb1c20865a79ccb58e2f797b8ea7f1aa88968f1e319af5a4,https://physionet.org/files/nstdb/1.0.0/RECORDS
