target_fs_hz,bits,records,reference_beats,tp,fp,fn,pooled_sensitivity_pct,pooled_ppv_pct,pooled_f1_pct,macro_f1_mean_pct,macro_f1_median_pct,macro_f1_q05_pct,median_timing_error_ms,p95_timing_error_ms_median,clipping_rate_pct_mean,quantization_rmse_uv_mean,quantization_snr_db_median,raw_bitrate_bps,storage_mib_per_day,reference_f1_pct,f1_drop_from_reference_pp,bitrate_reduction_pct
100,6,48.00000000,91264.00000000,90334.00000000,6176.00000000,930.00000000,98.98097826,93.60066314,96.21566351,96.29077192,99.83992102,75.04218383,47.22222222,66.66666667,0.00000000,45.48066058,16.44282027,600.00000000,6.17980957,99.39053131,3.17486780,84.84848485
100,7,48.00000000,91264.00000000,90372.00000000,5490.00000000,892.00000000,99.02261571,94.27301746,96.58946378,96.62949170,99.83898193,79.88836448,53.88888889,66.66666667,0.00000000,22.54159229,22.31118742,700.00000000,7.20977783,99.39053131,2.80106753,82.32323232
100,8,48.00000000,91264.00000000,90453.00000000,5457.00000000,811.00000000,99.11136921,94.31029090,96.65124430,96.69145872,99.83444149,80.99665637,55.27777778,66.66666667,0.00000000,11.28180413,28.34661695,800.00000000,8.23974609,99.39053131,2.73928702,79.79797980
100,9,48.00000000,91264.00000000,90477.00000000,5504.00000000,787.00000000,99.13766655,94.26553172,96.64023071,96.69342593,99.83898193,80.43470439,56.38888889,66.38888889,0.00000000,5.63745638,34.33552689,900.00000000,9.26971436,99.39053131,2.75030060,77.27272727
100,10,48.00000000,91264.00000000,90475.00000000,5560.00000000,789.00000000,99.13547511,94.21044411,96.61023284,96.66863831,99.83962372,79.71755500,56.38888889,66.38888889,0.00000000,2.81930059,40.35606521,1000.00000000,10.29968262,99.39053131,2.78029848,74.74747475
100,11,48.00000000,91264.00000000,90480.00000000,5452.00000000,784.00000000,99.14095372,94.31680774,96.66873224,96.71708459,99.83898193,80.86201879,56.38888889,66.38888889,0.00000000,1.40980236,46.37697450,1100.00000000,11.32965088,99.39053131,2.72179907,72.22222222
125,6,48.00000000,91264.00000000,90658.00000000,1702.00000000,606.00000000,99.33599229,98.15721091,98.74308369,98.71397814,99.88821515,93.84263512,2.55555556,9.01944444,0.00000000,45.48335360,16.44035438,750.00000000,7.72476196,99.39053131,0.64744762,81.06060606
125,7,48.00000000,91264.00000000,90675.00000000,1381.00000000,589.00000000,99.35461957,98.49982619,98.92537639,98.86632708,99.90570876,94.52322520,2.50000000,7.83333333,0.00000000,22.54044333,22.30752562,875.00000000,9.01222229,99.39053131,0.46515492,77.90404040
125,8,48.00000000,91264.00000000,90717.00000000,1347.00000000,547.00000000,99.40063990,98.53688738,98.96687904,98.91201705,99.90570876,94.94495588,2.50000000,7.83333333,0.00000000,11.28231586,28.34890001,1000.00000000,10.29968262,99.39053131,0.42365228,74.74747475
125,9,48.00000000,91264.00000000,90690.00000000,1381.00000000,574.00000000,99.37105540,98.50007060,98.93364606,98.87724235,99.90831533,94.79476360,2.55555556,7.84722222,0.00000000,5.63821030,34.33338829,1125.00000000,11.58714294,99.39053131,0.45688525,71.59090909
125,10,48.00000000,91264.00000000,90717.00000000,1368.00000000,547.00000000,99.40063990,98.51441603,98.95554380,98.90208076,99.90831533,94.92523121,2.55555556,7.88888889,0.00000000,2.81877090,40.35972244,1250.00000000,12.87460327,99.39053131,0.43498751,68.43434343
125,11,48.00000000,91264.00000000,90718.00000000,1379.00000000,546.00000000,99.40173562,98.50266567,98.95015843,98.89658802,99.90837741,94.86351606,2.55555556,7.88888889,0.00000000,1.40977150,46.36982960,1375.00000000,14.16206360,99.39053131,0.44037288,65.27777778
180,6,48.00000000,91264.00000000,90745.00000000,1155.00000000,519.00000000,99.43132013,98.74319913,99.08606495,99.04139198,99.91007223,94.96457685,2.77777778,5.55555556,0.00000000,45.48177615,16.43858372,1080.00000000,11.12365723,99.39053131,0.30446636,72.72727273
180,7,48.00000000,91264.00000000,90742.00000000,572.00000000,522.00000000,99.42803296,99.37359003,99.40080404,99.34362112,99.91819141,95.08344326,2.77777778,2.77777778,0.00000000,22.54180849,22.30671101,1260.00000000,12.97760010,99.39053131,-0.01027273,68.18181818
180,8,48.00000000,91264.00000000,90570.00000000,592.00000000,694.00000000,99.23956872,99.35060661,99.29505663,99.20485219,99.93309294,95.21664276,2.77777778,2.77777778,0.00000000,11.28295283,28.34424118,1440.00000000,14.83154297,99.39053131,0.09547469,63.63636364
180,9,48.00000000,91264.00000000,90556.00000000,667.00000000,708.00000000,99.22422861,99.26882475,99.24652167,99.15071732,99.93309294,95.17534352,2.77777778,2.77777778,0.00000000,5.63805173,34.33154731,1620.00000000,16.68548584,99.39053131,0.14400964,59.09090909
180,10,48.00000000,91264.00000000,90563.00000000,565.00000000,701.00000000,99.23189867,99.37999298,99.30589061,99.21524810,99.93309294,95.15553591,2.77777778,2.77777778,0.00000000,2.81881192,40.35537790,1800.00000000,18.53942871,99.39053131,0.08464070,54.54545455
180,11,48.00000000,91264.00000000,90561.00000000,608.00000000,703.00000000,99.22970722,99.33310665,99.28138001,99.18796397,99.93309294,95.21757874,2.77777778,2.77777778,0.00000000,1.40972787,46.36904234,1980.00000000,20.39337158,99.39053131,0.10915130,50.00000000
250,6,48.00000000,91264.00000000,90750.00000000,835.00000000,514.00000000,99.43679874,99.08827865,99.26223277,99.20940241,99.93443336,94.95248258,1.11111111,3.11111111,0.00000000,45.48102795,16.44047335,1500.00000000,15.44952393,99.39053131,0.12829854,62.12121212
250,7,48.00000000,91264.00000000,90752.00000000,436.00000000,512.00000000,99.43899018,99.52186691,99.48041129,99.44400514,99.93309294,97.71307281,1.11111111,3.00000000,0.00000000,22.54133201,22.31030432,1750.00000000,18.02444458,99.39053131,-0.08987997,55.80808081
250,8,48.00000000,91264.00000000,90773.00000000,437.00000000,491.00000000,99.46200035,99.52088587,99.49143440,99.45780879,99.93354422,97.94805530,1.11111111,3.00000000,0.00000000,11.28293470,28.34615484,2000.00000000,20.59936523,99.39053131,-0.10090308,49.49494949
250,9,48.00000000,91264.00000000,90757.00000000,434.00000000,507.00000000,99.44446879,99.52407584,99.48425639,99.44889558,99.93309294,97.82411920,1.11111111,3.00000000,0.00000000,5.63864545,34.33214834,2250.00000000,23.17428589,99.39053131,-0.09372508,43.18181818
250,10,48.00000000,91264.00000000,90773.00000000,434.00000000,491.00000000,99.46200035,99.52415933,99.49307013,99.45632017,99.92548097,97.82411920,1.11111111,3.00000000,0.00000000,2.81860392,40.35261725,2500.00000000,25.74920654,99.39053131,-0.10253882,36.86868687
250,11,48.00000000,91264.00000000,90774.00000000,435.00000000,490.00000000,99.46309607,99.52307338,99.49307569,99.45686880,99.92548097,97.83546715,1.11111111,3.00000000,0.00000000,1.40973957,46.37391315,2750.00000000,28.32412720,99.39053131,-0.10254438,30.55555556
360,6,48.00000000,91264.00000000,90644.00000000,649.00000000,620.00000000,99.32065217,99.28910212,99.30487464,99.26276200,99.93177164,97.51423555,0.00000000,2.77777778,0.00000000,45.48274327,16.43447723,2160.00000000,22.24731445,99.39053131,0.08565667,45.45454545
360,7,48.00000000,91264.00000000,90644.00000000,515.00000000,620.00000000,99.32065217,99.43505304,99.37781968,99.33861228,99.92039509,97.30149680,0.00000000,2.77777778,0.00000000,22.54193694,22.30511870,2520.00000000,25.95520020,99.39053131,0.01271163,36.36363636
360,8,48.00000000,91264.00000000,90667.00000000,524.00000000,597.00000000,99.34585379,99.42538189,99.38560193,99.34708011,99.93041770,97.40797650,0.00000000,2.77777778,0.00000000,11.28274297,28.34132120,2880.00000000,29.66308594,99.39053131,0.00492938,27.27272727
360,9,48.00000000,91264.00000000,90673.00000000,518.00000000,591.00000000,99.35242812,99.43196149,99.39217889,99.35483786,99.93041770,97.39395647,0.00000000,2.77777778,0.00000000,5.63860247,34.32262225,3240.00000000,33.37097168,99.39053131,-0.00164758,18.18181818
360,10,48.00000000,91264.00000000,90674.00000000,513.00000000,590.00000000,99.35352384,99.43741981,99.39545412,99.35808443,99.93041770,97.40797650,0.00000000,2.77777778,0.00000000,2.81878304,40.34736997,3600.00000000,37.07885742,99.39053131,-0.00492281,9.09090909
360,11,48.00000000,91264.00000000,90671.00000000,519.00000000,593.00000000,99.35023668,99.43085865,99.39053131,99.35352582,99.93041770,97.36589873,0.00000000,2.77777778,0.00000000,1.40958667,46.36542549,3960.00000000,40.78674316,99.39053131,0.00000000,0.00000000
